,date,open,high,low,close,volume,Symbol,Name
0,2020-06-11,120.2832,122.2729,117.5701,117.5701,54549198.0,09999,网易
1,2020-06-12,113.9525,116.7561,113.9525,116.2135,18364472.0,09999,网易
2,2020-06-15,114.8569,115.9422,113.0481,113.1386,17734920.0,09999,网易
3,2020-06-16,116.3039,118.384,115.8517,117.2988,11099659.0,09999,网易
4,2020-06-17,116.6657,116.6657,114.7665,115.8517,6219498.0,09999,网易
5,2020-06-18,113.5003,115.0378,113.1386,114.5856,8334526.0,09999,网易
6,2020-06-19,114.8569,116.7561,114.8569,116.4848,7611857.0,09999,网易
7,2020-06-22,117.1179,117.5701,115.1282,116.937,5620223.0,09999,网易
8,2020-06-23,116.6657,120.1928,115.5804,119.9215,14068800.0,09999,网易
9,2020-06-24,121.7302,124.0816,121.4589,122.9964,15739971.0,09999,网易
10,2020-06-26,122.9964,123.4486,121.9111,122.9964,6810528.0,09999,网易
11,2020-06-29,122.9964,122.9964,119.6502,122.092,4235615.0,09999,网易
12,2020-06-30,121.4589,121.4589,119.5597,120.8259,3501727.0,09999,网易
13,2020-07-02,120.8259,122.9964,119.5597,122.0016,8075914.0,09999,网易
14,2020-07-03,121.2781,122.092,120.0119,121.0067,4726964.0,09999,网易
15,2020-07-06,122.9964,122.9964,121.0067,122.9964,6703480.0,09999,网易
16,2020-07-07,123.9008,124.353,122.2729,122.9964,4713002.0,09999,网易
17,2020-07-08,123.9008,127.4279,123.9008,126.9757,7367709.0,09999,网易
18,2020-07-09,128.3323,151.0323,128.3323,139.7275,20664884.0,09999,网易
19,2020-07-10,137.4665,144.159,134.7534,137.9187,12593855.0,09999,网易
20,2020-07-13,137.1048,139.004,133.1255,136.2908,9414898.0,09999,网易
21,2020-07-14,131.1359,133.849,129.4175,132.9446,8220337.0,09999,网易
22,2020-07-15,134.663,137.0144,131.1359,134.663,5150100.0,09999,网易
23,2020-07-16,132.8542,132.9446,126.6139,128.8749,7913315.0,09999,网易
24,2020-07-17,126.3426,129.4175,125.9809,127.0661,5936275.0,09999,网易
25,2020-07-20,128.1514,128.8749,124.7147,127.7896,2953305.0,09999,网易
26,2020-07-21,131.588,135.4769,131.3167,134.8438,7051309.0,09999,网易
27,2020-07-22,133.7586,134.7534,129.8697,131.1359,3890360.0,09999,网易
28,2020-07-23,131.1359,132.3116,127.4279,131.7689,3676761.0,09999,网易
29,2020-07-24,128.1514,128.8749,124.8956,126.7044,6961532.0,09999,网易
30,2020-07-27,125.7095,126.433,122.092,125.5287,4654498.0,09999,网易
31,2020-07-28,127.3374,128.4227,126.1617,128.1514,3018300.0,09999,网易
32,2020-07-29,126.7044,128.1514,125.7095,127.4279,2474363.0,09999,网易
33,2020-07-30,127.5183,128.0609,124.986,126.433,3035005.0,09999,网易
34,2020-07-31,126.6139,128.0609,125.8,127.3374,1839576.0,09999,网易
35,2020-08-03,127.7896,131.2263,127.1566,130.0506,3525279.0,09999,网易
36,2020-08-04,132.2211,133.3968,130.5932,132.9446,3215015.0,09999,网易
37,2020-08-05,133.6681,135.9291,133.3064,135.6578,3167120.0,09999,网易
38,2020-08-06,137.4665,137.4665,132.1307,135.6578,4096918.0,09999,网易
39,2020-08-07,136.5622,136.5622,128.8749,133.3968,8645188.0,09999,网易
40,2020-08-10,131.588,131.588,127.247,130.5028,5522980.0,09999,网易
41,2020-08-11,129.1462,131.4072,128.8749,129.3271,3939486.0,09999,网易
42,2020-08-12,128.8749,130.0506,125.9809,129.2366,3834653.0,09999,网易
43,2020-08-13,133.5777,134.7534,131.8594,133.849,4651855.0,09999,网易
44,2020-08-14,130.5932,131.588,128.2418,130.6837,4226640.0,09999,网易
45,2020-08-17,129.8697,130.4123,128.0609,129.5984,2689391.0,09999,网易
46,2020-08-18,132.9446,133.5777,132.0402,133.4873,4254505.0,09999,网易
47,2020-08-19,133.849,135.6578,129.3271,133.4873,4802301.0,09999,网易
48,2020-08-20,135.3865,135.3865,131.8594,133.7586,2445017.0,09999,网易
49,2020-08-21,134.2108,135.6578,133.0351,135.6578,3972878.0,09999,网易
50,2020-08-24,137.3761,139.7275,136.2004,139.1849,7722255.0,09999,网易
51,2020-08-25,138.0092,141.5363,137.1048,140.6319,6769704.0,09999,网易
52,2020-08-26,143.7972,147.053,142.8024,146.6008,8465233.0,09999,网易
53,2020-08-27,146.7463,146.7463,141.9394,145.2045,5953016.0,09999,网易
54,2020-08-28,144.5696,144.751,142.3929,142.4836,3853667.0,09999,网易
55,2020-08-31,144.2068,144.2068,140.9418,141.1232,3211163.0,09999,网易
56,2020-09-01,137.7674,139.1279,137.3139,138.7651,5778125.0,09999,网易
57,2020-09-02,139.3092,139.9441,136.3163,139.3999,5218009.0,09999,网易
58,2020-09-03,139.3999,140.2162,137.9488,139.1279,2820050.0,09999,网易
59,2020-09-04,134.9558,136.5884,132.6884,135.5,5321669.0,09999,网易
60,2020-09-07,134.6837,137.0418,132.4163,132.5977,2785469.0,09999,网易
61,2020-09-08,132.4163,135.1372,131.1466,132.507,2953140.0,09999,网易
62,2020-09-09,129.6955,130.2396,127.7001,129.5141,3734630.0,09999,网易
63,2020-09-10,133.3233,133.3233,130.0582,130.7838,1997971.0,09999,网易
64,2020-09-11,130.6024,131.6908,129.0606,130.2396,2628038.0,09999,网易
65,2020-09-14,130.5117,131.4187,129.3327,130.7838,3229774.0,09999,网易
66,2020-09-15,130.6024,133.0512,128.6071,132.4163,2865989.0,09999,网易
67,2020-09-16,134.2303,136.407,134.2303,135.7721,2999827.0,09999,网易
68,2020-09-17,134.593,134.593,131.2373,132.507,4045592.0,09999,网易
69,2020-09-18,133.6861,133.9582,131.9629,133.9582,2215638.0,09999,网易
70,2020-09-21,133.5047,133.6861,131.8722,132.4163,5369676.0,09999,网易
71,2020-09-22,134.7744,136.6791,134.0489,135.0465,4853819.0,09999,网易
72,2020-09-23,136.0442,136.9511,134.9558,135.5,2075532.0,09999,网易
73,2020-09-24,134.2303,134.2303,131.6001,133.2326,3835440.0,09999,网易
74,2020-09-25,131.8722,134.0489,131.8722,132.6884,1923691.0,09999,网易
75,2020-09-28,131.9629,132.1443,127.8815,130.6024,5593202.0,09999,网易
76,2020-09-29,130.6931,131.0559,129.242,130.1489,1831410.0,09999,网易
77,2020-09-30,127.8815,128.1536,124.2537,125.07,6973502.0,09999,网易
78,2020-10-05,126.5211,126.8839,124.5258,125.7955,3002995.0,09999,网易
79,2020-10-06,126.7932,126.7932,124.9793,125.4327,2584341.0,09999,网易
80,2020-10-07,124.6165,125.5234,124.2537,125.1607,2980970.0,09999,网易
81,2020-10-08,122.4398,122.8932,120.8979,121.4421,5912162.0,09999,网易
82,2020-10-09,123.5281,125.7048,123.1653,125.342,4009523.0,09999,网易
83,2020-10-12,126.9746,129.242,126.1583,128.8792,2955708.0,09999,网易
84,2020-10-14,128.4257,128.9699,127.156,128.9699,2813899.0,09999,网易
85,2020-10-15,126.9746,126.9746,124.163,124.2537,3358923.0,09999,网易
86,2020-10-16,123.3467,126.249,123.3467,125.2513,2966367.0,09999,网易
87,2020-10-19,125.8862,126.3397,124.3444,125.9769,2487060.0,09999,网易
88,2020-10-20,123.4374,124.7979,122.3491,124.7979,3882265.0,09999,网易
89,2020-10-21,124.7072,124.8886,123.7095,124.163,2194962.0,09999,网易
90,2020-10-22,122.7119,124.9793,122.7119,124.9793,1898066.0,09999,网易
91,2020-10-23,124.0723,124.0723,122.8026,123.0746,2338251.0,09999,网易
92,2020-10-27,122.2584,122.8026,120.3538,121.8049,2813575.0,09999,网易
93,2020-10-28,124.163,125.7955,123.1653,125.5234,5346264.0,09999,网易
94,2020-10-29,122.4398,124.3444,121.6235,123.4374,3893107.0,09999,网易
95,2020-10-30,124.2537,124.2537,120.9886,122.3491,2259546.0,09999,网易
96,2020-11-02,122.4398,123.1653,119.991,120.9886,4144810.0,09999,网易
97,2020-11-03,119.2654,119.6282,118.0864,119.1747,3435706.0,09999,网易
98,2020-11-04,119.1747,124.4351,119.084,123.6188,6256344.0,09999,网易
99,2020-11-05,131.5094,132.9605,129.3327,132.5977,9044774.0,09999,网易
100,2020-11-06,128.1536,129.8768,127.7001,128.335,3921389.0,09999,网易
101,2020-11-09,130.6024,131.2373,129.6955,131.0559,3421411.0,09999,网易
102,2020-11-10,124.3444,126.1583,124.163,125.1607,7211341.0,09999,网易
103,2020-11-11,125.6141,125.8862,123.0746,123.8002,5190091.0,09999,网易
104,2020-11-12,127.156,127.156,125.6141,126.4304,2707458.0,09999,网易
105,2020-11-13,124.163,124.6165,123.1653,123.9816,3198773.0,09999,网易
106,2020-11-16,126.7932,126.7932,123.8002,124.9793,3151997.0,09999,网易
107,2020-11-17,124.9793,124.9793,122.8026,123.4374,2706171.0,09999,网易
108,2020-11-18,123.8002,123.9816,122.4398,123.256,2249876.0,09999,网易
109,2020-11-19,121.5328,122.8026,120.6258,121.6235,5501385.0,09999,网易
110,2020-11-20,126.0676,129.6955,125.2513,128.6071,11578208.0,09999,网易
111,2020-11-23,133.5047,135.1372,130.9652,134.6837,8575516.0,09999,网易
112,2020-11-24,137.8581,138.2209,136.3163,136.7698,7069550.0,09999,网易
113,2020-11-25,138.8558,138.8558,134.1396,134.9558,4403086.0,09999,网易
114,2020-11-26,132.7791,132.8698,129.0606,130.5117,5344471.0,09999,网易
115,2020-11-27,131.328,131.7815,129.8768,130.9652,1501308.0,09999,网易
116,2020-11-30,131.9629,131.9629,129.7862,131.0559,3659528.0,09999,网易
117,2020-12-01,129.8768,129.8768,127.3374,128.6071,4060906.0,09999,网易
118,2020-12-02,128.6071,128.6071,124.7072,125.1607,5001817.0,09999,网易
119,2020-12-03,124.5265,125.4355,122.7086,123.6176,6686217.0,09999,网易
120,2020-12-04,124.7083,126.7989,124.072,125.2537,10233380.0,09999,网易
121,2020-12-07,125.0719,126.7989,123.7993,126.2535,6174062.0,09999,网易
122,2020-12-08,127.1625,130.5256,126.7989,129.0713,6332449.0,09999,网易
123,2020-12-09,129.9802,130.4347,129.2531,130.4347,3781946.0,09999,网易
124,2020-12-10,125.799,125.799,124.6174,124.7992,5412489.0,09999,网易
125,2020-12-11,124.5265,124.8901,123.6176,124.5265,5316396.0,09999,网易
126,2020-12-14,126.8898,126.8898,121.4361,122.7086,5164197.0,09999,网易
127,2020-12-15,123.5267,123.6176,122.345,123.0722,5004300.0,09999,网易
128,2020-12-16,121.3452,123.3449,119.0728,122.7086,5674593.0,09999,网易
129,2020-12-17,125.4355,128.5259,124.6174,128.1623,6977966.0,09999,网易
130,2020-12-18,128.9804,130.2529,125.7081,128.9804,18319937.0,09999,网易
131,2020-12-21,133.616,133.616,130.7074,130.7074,6161057.0,09999,网易
132,2020-12-22,131.9799,131.9799,128.7986,129.5257,2575319.0,09999,网易
133,2020-12-23,129.5257,131.7981,129.0713,131.6163,2441936.0,09999,网易
134,2020-12-24,131.2528,131.2528,127.3443,129.0713,1979041.0,09999,网易
135,2020-12-28,128.9804,130.7074,127.8896,128.435,3005141.0,09999,网易
136,2020-12-29,127.2534,130.4347,127.2534,130.4347,2528760.0,09999,网易
137,2020-12-30,130.8892,133.5251,130.4347,132.6162,2705511.0,09999,网易
138,2020-12-31,134.525,134.6159,132.6162,134.1614,2160484.0,09999,网易
139,2021-01-04,135.4339,136.1611,133.2525,135.1613,2823916.0,09999,网易
140,2021-01-05,136.3429,138.4335,135.6157,137.7063,3393935.0,09999,网易
141,2021-01-06,140.7968,144.3417,140.3423,143.0691,7019025.0,09999,网易
142,2021-01-07,146.3414,148.8864,144.4326,148.8864,9206192.0,09999,网易
143,2021-01-08,156.249,159.0667,154.5219,156.4307,7283403.0,09999,网易
144,2021-01-11,160.1574,165.0658,154.7037,157.2488,11292648.0,09999,网易
145,2021-01-12,153.613,153.7039,149.3409,152.2496,8116036.0,09999,网易
146,2021-01-13,150.8861,152.2496,147.8866,148.1593,5912348.0,09999,网易
147,2021-01-14,148.1593,150.977,146.6141,149.0682,6183415.0,09999,网易
148,2021-01-15,147.6139,150.977,147.3412,149.5227,3281416.0,09999,网易
149,2021-01-18,149.0682,151.6133,144.1599,150.6134,2422165.0,09999,网易
150,2021-01-19,150.7043,153.3403,150.0681,152.2496,4197014.0,09999,网易
151,2021-01-20,155.6127,159.0667,155.4309,157.2488,4186250.0,09999,网易
152,2021-01-21,161.7936,166.9746,159.9757,163.157,7073307.0,09999,网易
153,2021-01-22,164.7931,166.1565,160.0666,161.7936,4130629.0,09999,网易
154,2021-01-25,167.0655,180.8816,164.9749,175.4279,12070031.0,09999,网易
155,2021-01-26,175.4279,180.8816,169.8832,171.6102,5444987.0,09999,网易
156,2021-01-27,169.0652,172.701,162.3389,170.7922,5474225.0,09999,网易
157,2021-01-28,167.52,167.7926,161.1573,162.5207,5639066.0,09999,网易
158,2021-01-29,163.3388,165.1567,159.3394,161.9754,4725187.0,09999,网易
159,2021-02-01,160.8846,165.5203,160.0666,165.5203,4239008.0,09999,网易
160,2021-02-02,168.4289,171.792,167.52,169.8832,4409759.0,09999,网易
161,2021-02-03,173.6099,176.155,170.1559,175.2461,5307442.0,09999,网易
162,2021-02-04,174.8825,174.8825,166.4292,170.2468,5179786.0,09999,网易
163,2021-02-05,173.7008,175.2461,170.8831,174.2462,2993899.0,09999,网易
164,2021-02-08,178.1547,179.6999,175.4279,175.9732,2520828.0,09999,网易
165,2021-02-09,175.9732,177.7002,175.0643,177.7002,2064658.0,09999,网易
166,2021-02-10,186.3353,188.5168,182.3359,185.7899,6241115.0,09999,网易
167,2021-02-11,185.6081,188.8803,182.6995,187.2442,2369482.0,09999,网易
168,2021-02-16,185.7899,186.3353,178.2456,178.8819,8357005.0,09999,网易
169,2021-02-17,179.609,180.6089,176.6095,178.4274,3895501.0,09999,网易
170,2021-02-18,178.9728,179.5181,171.3376,172.8828,7085490.0,09999,网易
171,2021-02-19,170.065,174.2462,169.247,174.0644,5804140.0,09999,网易
172,2021-02-22,176.3368,176.3368,167.2473,167.2473,5909979.0,09999,网易
173,2021-02-23,166.8837,169.3379,164.7931,167.1564,2977322.0,09999,网易
174,2021-02-24,169.9741,169.9741,159.8848,163.2479,5503075.0,09999,网易
175,2021-02-25,166.3383,167.0655,163.2479,165.2476,3236413.0,09999,网易
176,2021-02-26,150.8861,154.5219,150.3408,150.8861,8781044.0,09999,网易
177,2021-03-01,154.5219,156.7034,151.886,155.9763,6755669.0,09999,网易
178,2021-03-02,159.9757,160.8846,156.3398,156.3398,4629451.0,09999,网易
179,2021-03-03,156.0672,158.9758,154.8855,158.4304,2224788.0,09999,网易
180,2021-03-04,151.0679,153.2494,148.432,151.5224,4676468.0,09999,网易
181,2021-03-05,149.8863,153.0676,146.7958,151.7042,5768604.0,09999,网易
182,2021-03-08,153.0676,155.6127,149.25,150.2499,6025545.0,09999,网易
183,2021-03-09,145.4324,148.5229,140.4332,145.4324,8329962.0,09999,网易
184,2021-03-10,154.3402,154.5219,149.0682,152.8858,5063360.0,09999,网易
185,2021-03-11,150.6059,154.6984,150.1511,154.6984,2438028.0,09999,网易
186,2021-03-12,156.5173,157.4268,152.1519,152.2429,3238379.0,09999,网易
187,2021-03-15,155.2441,155.2441,149.4236,150.424,1973955.0,09999,网易
188,2021-03-16,153.789,155.9717,152.1519,153.698,3309064.0,09999,网易
189,2021-03-17,154.4256,154.7894,151.5153,154.1527,1485619.0,09999,网易
190,2021-03-18,152.7886,152.7886,150.5149,151.8791,3209919.0,09999,网易
191,2021-03-19,148.8779,149.2417,145.331,148.6051,5595402.0,09999,网易
192,2021-03-22,153.2433,156.6992,152.7886,155.7898,4468918.0,09999,网易
193,2021-03-23,159.5185,159.5185,150.9697,151.9701,3453663.0,09999,网易
194,2021-03-24,151.7882,154.6075,147.7866,149.8783,1875926.0,09999,网易
195,2021-03-25,145.5129,147.2409,141.6932,146.5133,3233999.0,09999,网易
196,2021-03-26,146.4224,146.4224,141.2385,144.0578,5882590.0,09999,网易
197,2021-03-29,142.6027,145.9676,140.9656,141.966,4212253.0,09999,网易
198,2021-03-30,144.7854,146.4224,142.9664,144.4216,2460523.0,09999,网易
199,2021-03-31,146.968,146.968,143.3302,143.8759,1895589.0,09999,网易
200,2021-04-01,147.6956,152.061,145.1491,150.6968,4403717.0,09999,网易
201,2021-04-07,151.1515,152.6067,145.1491,146.2405,3697061.0,09999,网易
202,2021-04-08,146.1495,149.6055,144.7854,148.0594,3184851.0,09999,网易
203,2021-04-09,148.0594,149.3326,145.9676,148.0594,2862375.0,09999,网易
204,2021-04-12,148.787,148.9688,145.6039,146.5133,2135505.0,09999,网易
205,2021-04-13,146.6043,149.2417,145.2401,145.331,1345978.0,09999,网易
206,2021-04-14,152.5157,153.789,150.9697,153.6071,3236990.0,09999,网易
207,2021-04-15,151.6972,153.4252,146.6952,148.787,2962688.0,09999,网易
208,2021-04-16,147.5137,150.424,146.6043,150.0602,1849831.0,09999,网易
209,2021-04-19,151.6972,152.6976,148.3322,151.8791,1528219.0,09999,网易
210,2021-04-20,150.0602,152.1519,149.2417,150.9697,1118188.0,09999,网易
211,2021-04-21,150.9697,151.0606,148.2413,150.333,1752086.0,09999,网易
212,2021-04-22,152.6976,153.1523,151.1515,152.3338,1242849.0,09999,网易
213,2021-04-23,157.3358,159.3366,156.5173,158.4272,3083662.0,09999,网易
214,2021-04-26,158.1544,158.7,155.7898,156.7902,1720938.0,09999,网易
215,2021-04-27,157.6996,158.6091,156.0626,156.4264,1763703.0,09999,网易
216,2021-04-28,159.1548,159.1548,156.1535,158.9729,1760529.0,09999,网易
217,2021-04-29,160.9737,164.2477,160.9737,163.1564,3068249.0,09999,网易
218,2021-04-30,161.6103,161.6103,158.6091,159.3366,1805404.0,09999,网易
219,2021-05-03,159.3366,159.9733,156.6992,158.5181,1372587.0,09999,网易
220,2021-05-04,157.3358,158.4272,155.6988,157.7906,1135539.0,09999,网易
221,2021-05-05,153.8799,154.1527,151.1515,152.8795,2130516.0,09999,网易
222,2021-05-06,153.8799,154.4256,149.8783,152.7886,1843547.0,09999,网易
223,2021-05-07,154.0618,156.1535,152.061,153.6071,2325186.0,09999,网易
224,2021-05-10,154.5165,156.8811,152.2429,154.2437,1756615.0,09999,网易
225,2021-05-11,147.4228,149.2417,143.2393,146.5133,3754827.0,09999,网易
226,2021-05-12,147.6956,154.5165,147.6956,153.9709,2720347.0,09999,网易
227,2021-05-13,149.1507,149.7874,147.1499,147.4228,2302593.0,09999,网易
228,2021-05-14,145.5129,146.968,142.9664,146.0586,2514600.0,09999,网易
229,2021-05-17,145.422,150.7878,145.422,149.0598,2218259.0,09999,网易
230,2021-05-18,150.8787,151.6972,147.5137,150.0602,1542676.0,09999,网易
231,2021-05-20,154.0618,163.2473,153.698,162.4288,7922771.0,09999,网易
232,2021-05-21,167.8855,170.432,166.4304,170.2501,5502385.0,09999,网易
233,2021-05-24,163.702,164.9753,161.9741,163.5201,3953193.0,09999,网易
234,2021-05-25,161.3374,164.5205,158.2453,164.5205,4046535.0,09999,网易
235,2021-05-26,161.3374,166.0666,159.3366,164.1568,3457920.0,09999,网易
236,2021-05-27,164.7024,166.4304,162.9745,165.5209,2379848.0,09999,网易
237,2021-05-28,166.4304,166.4304,163.2473,163.9749,2160795.0,09999,网易
238,2021-05-31,170.8867,170.8867,164.7934,170.7958,2693824.0,09999,网易
239,2021-06-01,170.7958,173.4332,169.7954,172.069,4127595.0,09999,网易
240,2021-06-02,167.9354,168.1177,165.3826,166.2943,3016799.0,09999,网易
241,2021-06-03,164.2885,165.0179,162.2828,164.3797,3258382.0,09999,网易
242,2021-06-04,163.1033,163.1033,159.73,161.4623,2834417.0,09999,网易
243,2021-06-07,161.0064,162.2828,159.8212,160.3682,1685510.0,09999,网易
244,2021-06-08,161.3711,161.6446,159.4565,159.73,1994427.0,09999,网易
245,2021-06-09,159.4565,161.5534,158.4537,158.9095,2133689.0,09999,网易
246,2021-06-10,157.8155,158.2713,156.0832,156.6303,3770168.0,09999,网易
247,2021-06-11,159.73,163.0122,159.183,159.9124,5218048.0,09999,网易
248,2021-06-15,166.7501,166.7501,158.1801,159.5477,3682075.0,09999,网易
249,2021-06-16,157.7243,159.2742,155.6274,156.4479,3956001.0,09999,网易
250,2021-06-17,153.804,155.7186,151.0689,155.2627,4116143.0,09999,网易
251,2021-06-18,157.0861,159.0919,156.0832,158.3625,4726156.0,09999,网易
252,2021-06-21,153.257,154.5333,150.8865,153.804,4250058.0,09999,网易
253,2021-06-22,153.804,153.804,150.613,151.9806,2551322.0,09999,网易
254,2021-06-23,150.066,152.7099,149.2455,152.2541,4123765.0,09999,网易
255,2021-06-24,152.1629,153.6216,150.8865,152.3453,1934471.0,09999,网易
256,2021-06-25,152.9835,153.8952,151.7071,153.6216,5490294.0,09999,网易
257,2021-06-28,152.4364,152.5276,149.6102,152.2541,3099357.0,09999,网易
258,2021-06-29,158.1801,160.4594,157.0861,157.8155,4460109.0,09999,网易
259,2021-06-30,162.374,162.374,159.6389,160.3682,3096576.0,09999,网易
260,2021-07-02,158.4537,159.4565,157.3596,158.5448,3574280.0,09999,网易
261,2021-07-05,160.0036,161.3711,155.1715,155.9009,3375419.0,09999,网易
262,2021-07-06,155.9009,159.8212,155.9009,158.636,2528364.0,09999,网易
263,2021-07-07,156.8126,157.542,154.5333,155.8097,2372455.0,09999,网易
264,2021-07-08,153.6216,153.6216,148.6985,150.4307,3504630.0,09999,网易
265,2021-07-09,150.4307,152.7099,147.4221,152.4364,3439129.0,09999,网易
266,2021-07-12,154.351,155.9921,152.9835,154.1687,2540893.0,09999,网易
267,2021-07-13,157.4508,159.2742,154.2598,156.9038,2335298.0,09999,网易
268,2021-07-14,159.3654,160.2771,157.8155,160.0036,1871177.0,09999,网易
269,2021-07-15,160.4594,161.3711,158.2713,160.3682,1732534.0,09999,网易
270,2021-07-16,161.3711,162.2828,160.0947,162.0093,1946843.0,09999,网易
271,2021-07-19,159.73,160.5506,157.1773,158.8183,2903515.0,09999,网易
272,2021-07-20,157.7243,161.3711,157.7243,159.2742,1754688.0,09999,网易
273,2021-07-21,160.4594,161.7358,157.542,159.3654,3035815.0,09999,网易
274,2021-07-22,160.6417,161.0064,157.542,160.0947,2259136.0,09999,网易
275,2021-07-23,159.73,161.5534,157.1773,157.7243,2909596.0,09999,网易
276,2021-07-26,148.4249,148.4249,134.6583,136.7552,22555182.0,09999,网易
277,2021-07-27,127.6382,129.5527,114.9655,118.8858,30996270.0,09999,网易
278,2021-07-28,125.8148,130.0998,123.5355,128.1852,11454758.0,09999,网易
279,2021-07-29,141.3137,145.4163,138.0316,143.7753,14552734.0,09999,网易
280,2021-07-30,142.4989,143.1371,138.2139,141.7695,5087127.0,09999,网易
281,2021-08-02,146.6927,148.3338,143.0459,144.2311,6755922.0,09999,网易
282,2021-08-03,143.1371,143.5929,121.6209,133.0172,26205755.0,09999,网易
283,2021-08-04,132.1967,133.9289,124.9942,130.9203,11134597.0,09999,网易
284,2021-08-05,126.2706,127.547,123.4443,125.9971,15176467.0,09999,网易
285,2021-08-06,123.0797,125.2677,123.0797,123.6267,6486937.0,09999,网易
286,2021-08-09,123.1708,129.4616,123.0797,126.8176,5670174.0,09999,网易
287,2021-08-10,130.3733,133.7466,130.0086,131.6496,7627872.0,09999,网易
288,2021-08-11,130.6468,132.7437,129.6439,131.5585,3987296.0,09999,网易
289,2021-08-12,131.5585,131.6496,129.8262,130.7379,2297331.0,09999,网易
290,2021-08-13,128.5499,130.5556,125.9059,129.4616,3921658.0,09999,网易
291,2021-08-16,129.0057,129.0057,121.2563,124.356,6625268.0,09999,网易
292,2021-08-17,121.5298,121.9856,115.8772,117.7006,7488937.0,09999,网易
293,2021-08-18,120.2534,120.8004,116.8801,117.9741,4526847.0,09999,网易
294,2021-08-19,120.9827,121.2563,113.0509,114.7832,4662993.0,09999,网易
295,2021-08-20,111.8657,112.5951,106.8514,109.4041,9056349.0,09999,网易
296,2021-08-23,115.1479,117.3359,113.8715,115.6037,5187737.0,09999,网易
297,2021-08-24,120.9827,124.7207,119.2505,124.5384,7193840.0,09999,网易
298,2021-08-25,131.6496,132.7437,126.1794,127.7293,7196891.0,09999,网易
299,2021-08-26,127.8205,130.1909,126.9088,129.0969,5427970.0,09999,网易
300,2021-08-27,129.1881,132.6525,128.5499,130.7379,4270107.0,09999,网易
301,2021-08-30,133.5642,134.5671,131.0115,131.9232,4833705.0,09999,网易
302,2021-08-31,126.7265,129.3704,125.9059,129.1881,9419522.0,09999,网易
303,2021-09-01,137.6669,139.5814,133.2907,137.4845,10032834.0,09999,网易
304,2021-09-02,137.8492,138.1227,133.1084,135.7523,7064282.0,09999,网易
305,2021-09-03,135.3876,135.3876,130.0086,133.1995,4914257.0,09999,网易
306,2021-09-06,132.379,135.2965,128.1852,135.0229,2815800.0,09999,网易
307,2021-09-07,135.0229,136.7552,134.0201,136.3905,2659422.0,09999,网易
308,2021-09-08,136.3905,138.4874,135.2053,137.211,3162761.0,09999,网易
309,2021-09-09,127.9117,129.6439,121.1651,122.0768,18612962.0,09999,网易
310,2021-09-10,125.8148,127.3647,123.0797,125.9059,9813996.0,09999,网易
311,2021-09-13,125.4248,125.4248,120.854,122.7737,6920588.0,09999,网易
312,2021-09-14,124.6021,125.6077,120.9454,122.3166,8129822.0,09999,网易
313,2021-09-15,119.8484,120.0312,115.2775,117.7458,8986251.0,09999,网易
314,2021-09-16,119.7569,121.951,118.4771,120.3054,6278177.0,09999,网易
315,2021-09-17,118.8428,120.3054,116.1002,117.6543,17716620.0,09999,网易
316,2021-09-20,114.4547,117.3801,113.7234,115.9174,5400251.0,09999,网易
317,2021-09-21,115.1861,115.1861,110.9809,114.1805,5839271.0,09999,网易
318,2021-09-23,114.9118,118.02,114.9118,116.2831,7120617.0,09999,网易
319,2021-09-24,116.2831,117.1058,113.7234,114.9118,3972967.0,09999,网易
320,2021-09-27,115.1861,118.6599,115.1861,116.8316,5285981.0,09999,网易
321,2021-09-28,118.6599,124.6935,118.1114,121.951,9510470.0,09999,网易
322,2021-09-29,120.6711,121.0368,117.6543,120.5797,5346797.0,09999,网易
323,2021-09-30,117.0144,120.9454,112.992,120.214,9591609.0,09999,网易
324,2021-10-04,116.1002,119.5741,115.2775,116.0088,6805316.0,09999,网易
325,2021-10-05,114.2719,116.5573,113.9062,116.0088,5092633.0,09999,网易
326,2021-10-06,117.2887,124.145,116.3745,117.0144,3485408.0,09999,网易
327,2021-10-07,126.339,129.1729,125.3334,127.0703,10598699.0,09999,网易
328,2021-10-08,137.1263,137.1263,132.3726,132.5554,14595276.0,09999,网易
329,2021-10-11,137.6748,140.3259,136.2121,138.5889,10416972.0,09999,网易
330,2021-10-12,136.7606,138.0404,134.4752,136.0293,4051452.0,09999,网易
331,2021-10-15,136.1207,136.6692,132.6468,136.4863,5785940.0,09999,网易
332,2021-10-18,137.4919,137.4919,133.2867,136.4863,6099829.0,09999,网易
333,2021-10-19,136.6692,141.0572,136.3949,140.2345,3665291.0,09999,网易
334,2021-10-20,141.6057,145.2624,141.4229,143.2512,4404745.0,09999,网易
335,2021-10-21,144.2568,145.171,141.5143,142.7942,4495490.0,09999,网易
336,2021-10-22,146.268,148.0964,144.2568,146.7251,4238437.0,09999,网易
337,2021-10-25,146.7251,149.6505,142.7027,148.0964,5718180.0,09999,网易
338,2021-10-26,148.0964,148.0964,143.1598,144.1654,2442514.0,09999,网易
339,2021-10-27,138.4061,142.2457,138.4061,141.7886,1967024.0,09999,网易
340,2021-10-28,142.6113,144.8968,142.0628,143.0684,2083641.0,09999,网易
341,2021-10-29,142.7027,142.7027,140.3259,140.5087,2488749.0,09999,网易
342,2021-11-01,139.686,140.4173,138.2233,139.5031,2166461.0,09999,网易
343,2021-11-02,147.0908,147.0908,142.977,143.7083,4566065.0,09999,网易
344,2021-11-03,143.0684,145.3538,142.7027,144.4397,2123327.0,09999,网易
345,2021-11-04,145.5367,147.8221,144.2568,146.3594,2275829.0,09999,网易
346,2021-11-05,146.268,146.6337,143.1598,144.9882,2835297.0,09999,网易
347,2021-11-08,145.3538,147.9135,143.7083,147.0908,3088281.0,09999,网易
348,2021-11-09,148.0964,148.0964,144.8968,146.268,2948568.0,09999,网易
349,2021-11-10,144.5311,153.49,142.6113,152.5758,6568154.0,09999,网易
350,2021-11-11,148.7363,153.6728,146.5423,152.1187,4803841.0,09999,网易
351,2021-11-12,160.8034,160.8034,155.5012,159.1579,3869556.0,09999,网易
352,2021-11-15,159.1579,163.8202,157.2381,160.9862,3815894.0,09999,网易
353,2021-11-16,162.7232,171.8649,159.5236,167.3855,6891499.0,09999,网易
354,2021-11-17,159.0665,163.4545,158.7922,161.3519,5948190.0,09999,网易
355,2021-11-18,161.2605,164.2773,160.1635,162.5403,6215214.0,09999,网易
356,2021-11-19,160.6206,164.3687,160.5292,163.6373,3721423.0,09999,网易
357,2021-11-22,169.3967,172.6877,167.4769,168.5739,6016540.0,09999,网易
358,2021-11-23,164.3687,166.6541,161.5347,164.7344,7938387.0,09999,网易
359,2021-11-24,160.712,163.7288,159.9806,161.809,9287198.0,09999,网易
360,2021-11-25,162.1747,168.2082,161.809,167.1112,4578656.0,09999,网易
361,2021-11-26,166.2885,166.3799,163.1803,163.3631,4369223.0,09999,网易
362,2021-11-29,162.3575,166.7455,162.3575,163.4545,5143389.0,09999,网易
363,2021-11-30,157.6386,158.0965,149.3032,154.4327,10994096.0,09999,网易
364,2021-12-01,154.4327,164.3252,152.1427,160.8445,9989745.0,09999,网易
365,2021-12-02,159.9285,163.9588,159.3789,162.768,5824473.0,09999,网易
366,2021-12-03,154.4327,154.9822,149.2116,154.9822,22082259.0,09999,网易
367,2021-12-06,146.8301,152.6007,145.6393,147.6545,18304179.0,09999,网易
368,2021-12-07,149.3948,156.3562,148.9368,156.2646,10766826.0,09999,网易
369,2021-12-08,154.7075,155.6234,151.5932,153.3335,4925777.0,09999,网易
370,2021-12-09,150.6772,154.4327,150.6772,152.6923,6088685.0,09999,网易
371,2021-12-10,148.3873,151.41,147.6545,149.12,7144249.0,09999,网易
372,2021-12-13,146.4637,151.3184,145.4562,146.4637,8206760.0,09999,网易
373,2021-12-14,145.7309,148.8452,144.7234,145.9141,5236318.0,09999,网易
374,2021-12-15,145.8225,148.0209,145.0898,145.9141,3654855.0,09999,网易
375,2021-12-16,145.5477,146.0973,141.7007,144.7234,5932154.0,09999,网易
376,2021-12-17,141.1511,141.7923,138.9528,140.6015,7978359.0,09999,网易
377,2021-12-20,134.6477,135.1057,131.7166,133.7317,10334450.0,09999,网易
378,2021-12-21,129.9762,133.5485,129.7931,133.1821,8609923.0,09999,网易
379,2021-12-22,139.3191,143.1662,135.6553,137.3956,7711504.0,09999,网易
380,2021-12-23,142.4334,142.4334,139.2276,140.1435,6178272.0,09999,网易
381,2021-12-24,141.5175,141.5175,137.4872,138.0368,1099917.0,09999,网易
382,2021-12-28,140.9679,140.9679,137.0292,138.8612,4245402.0,09999,网易
383,2021-12-29,138.4032,139.136,136.4796,137.3956,2484431.0,09999,网易
384,2021-12-30,137.2124,139.6855,136.4796,138.8612,4190953.0,09999,网易
385,2021-12-31,148.4789,150.2192,143.899,144.2654,3086925.0,09999,网易
386,2022-01-03,144.815,148.3873,144.7234,145.3646,2325392.0,09999,网易
387,2022-01-04,145.3646,145.8225,140.9679,142.6166,3353495.0,09999,网易
388,2022-01-05,140.1435,140.1435,135.8385,137.3956,4501628.0,09999,网易
389,2022-01-06,135.3805,138.22,134.4645,137.3956,5537080.0,09999,网易
390,2022-01-07,139.3191,142.2503,138.1284,142.2503,5066765.0,09999,网易
391,2022-01-10,143.8074,145.273,140.5099,144.9982,4468642.0,09999,网易
392,2022-01-11,144.7234,145.8225,142.3419,144.357,4326726.0,09999,网易
393,2022-01-12,149.3032,154.4327,148.6621,154.1579,9120694.0,09999,网易
394,2022-01-13,153.8831,153.8831,146.5553,149.12,6612836.0,09999,网易
395,2022-01-14,144.9066,146.6469,143.7158,146.5553,4820888.0,09999,网易
396,2022-01-17,146.5553,148.1125,144.4486,148.0209,1812739.0,09999,网易
397,2022-01-18,149.0284,151.5932,146.5553,147.1965,3812413.0,09999,网易
398,2022-01-19,148.3873,149.8528,146.3721,147.3797,3868635.0,09999,网易
399,2022-01-20,152.9671,155.4402,149.578,153.6083,8216478.0,09999,网易
400,2022-01-21,148.3873,148.8452,144.5402,148.6621,8676771.0,09999,网易
401,2022-01-24,139.5939,140.5099,136.388,137.5788,9497448.0,09999,网易
402,2022-01-25,137.3956,139.6855,135.7469,137.4872,9354925.0,09999,网易
403,2022-01-26,143.1662,145.1814,141.1511,143.3494,5691045.0,09999,网易
404,2022-01-27,137.1208,137.9452,134.0065,137.4872,6516395.0,09999,网易
405,2022-01-28,137.4872,138.3116,134.0065,136.1133,4354797.0,09999,网易
406,2022-01-31,137.304,142.983,136.6628,141.7007,3548832.0,09999,网易
407,2022-02-04,146.1889,146.1889,141.5175,144.2654,3385119.0,09999,网易
408,2022-02-07,145.3646,145.3646,141.8839,143.899,2950072.0,09999,网易
409,2022-02-08,143.899,143.9906,141.6091,142.6166,4026532.0,09999,网易
410,2022-02-09,147.3797,150.6772,147.0133,149.578,10788790.0,09999,网易
411,2022-02-10,152.0511,152.6007,147.9293,150.7688,7265765.0,09999,网易
412,2022-02-11,146.7385,148.6621,145.6393,147.4713,3902875.0,09999,网易
413,2022-02-14,140.5099,141.8839,138.8612,141.2427,4418011.0,09999,网易
414,2022-02-15,139.6855,142.7082,139.5023,140.6015,1636794.0,09999,网易
415,2022-02-16,143.0746,144.6318,141.1511,144.4486,4122755.0,09999,网易
416,2022-02-17,145.1814,146.5553,143.0746,145.5477,3394006.0,09999,网易
417,2022-02-18,143.1662,149.2116,142.4334,143.5326,7443545.0,09999,网易
418,2022-02-21,141.9755,146.5553,136.4796,138.1284,7681105.0,09999,网易
419,2022-02-22,133.3653,138.1284,133.3653,137.6704,6920490.0,09999,网易
420,2022-02-23,133.2737,136.846,132.083,134.7393,8083124.0,09999,网易
421,2022-02-24,128.5107,132.541,127.5031,132.2662,7897670.0,09999,网易
422,2022-02-25,136.846,137.4872,133.2737,134.0065,9787098.0,09999,网易
423,2022-02-28,140.8763,142.6166,138.9528,139.6855,20176411.0,09999,网易
424,2022-03-01,139.2276,140.6931,135.7469,138.8612,9804123.0,09999,网易
425,2022-03-02,131.9914,135.6553,131.8998,133.8233,5274762.0,09999,网易
426,2022-03-03,133.7317,134.0065,129.4267,130.4342,8321216.0,09999,网易
427,2022-03-04,121.8241,125.2132,121.1829,123.0149,10399150.0,09999,网易
428,2022-03-07,119.1678,123.3813,118.435,121.1829,9024337.0,09999,网易
429,2022-03-08,120.9081,120.9997,116.6031,118.435,8307158.0,09999,网易
430,2022-03-09,122.2821,123.0149,117.2443,121.3661,6188954.0,09999,网易
431,2022-03-10,127.6542,128.2064,122.6842,124.617,6247814.0,09999,网易
432,2022-03-11,118.3585,121.3957,113.9408,118.7267,10033410.0,09999,网易
433,2022-03-14,117.8063,117.8063,107.2222,109.0629,11868266.0,09999,网易
434,2022-03-15,101.5159,107.5903,99.6752,100.6876,14760342.0,09999,网易
435,2022-03-16,107.9585,125.3533,106.4859,124.2489,17789315.0,09999,网易
436,2022-03-17,133.9127,134.649,124.2489,130.9675,16967227.0,09999,网易
437,2022-03-18,120.9356,127.6542,120.1072,127.5622,13140833.0,09999,网易
438,2022-03-21,130.2312,130.3233,121.5798,123.5126,7221725.0,09999,网易
439,2022-03-22,125.7214,135.1091,125.1692,134.0047,8610960.0,09999,网易
440,2022-03-23,137.226,142.288,136.2136,139.2508,7130264.0,09999,网易
441,2022-03-24,138.8826,138.8826,135.6614,136.3976,5118757.0,09999,网易
442,2022-03-25,132.5321,134.0047,127.6542,129.771,6387085.0,09999,网易
443,2022-03-28,131.1516,137.8702,129.3109,136.7658,6989785.0,09999,网易
444,2022-03-29,135.5693,135.9375,132.9923,134.9251,4111140.0,09999,网易
445,2022-03-30,135.1091,136.6738,133.0843,134.0047,5449832.0,09999,网易
446,2022-03-31,134.0047,136.8578,131.7958,132.348,4829361.0,09999,网易
447,2022-04-01,131.4277,135.2012,129.0347,134.9251,5116101.0,09999,网易
448,2022-04-04,139.6189,144.6809,138.9747,143.8526,8010888.0,09999,网易
449,2022-04-06,137.41,142.6561,137.41,139.2508,7768430.0,09999,网易
450,2022-04-07,134.649,139.803,134.649,136.7658,4112211.0,09999,网易
451,2022-04-08,134.3728,136.0295,132.9923,135.6614,4532902.0,09999,网易
452,2022-04-11,134.833,134.833,129.771,131.0595,3318930.0,09999,网易
453,2022-04-12,136.9499,139.5269,134.0967,136.5817,6575277.0,09999,网易
454,2022-04-13,132.4401,138.7906,131.9799,137.318,5098636.0,09999,网易
455,2022-04-14,138.3304,140.5393,136.7658,138.5145,4915585.0,09999,网易
456,2022-04-19,136.9499,137.5021,132.348,134.3728,4904465.0,09999,网易
457,2022-04-20,132.4401,134.649,130.7834,131.5197,3535752.0,09999,网易
458,2022-04-21,128.5746,129.8631,125.6294,127.194,5067186.0,09999,网易
459,2022-04-22,123.0524,128.5746,122.4081,126.3657,4135432.0,09999,网易
460,2022-04-25,122.5002,127.102,119.6471,122.7763,6492477.0,09999,网易
461,2022-04-26,126.0896,133.0843,126.0896,130.9675,6654564.0,09999,网易
462,2022-04-27,128.8507,130.2312,127.6542,129.4029,5111769.0,09999,网易
463,2022-04-28,129.771,132.6242,127.4701,131.6118,4962565.0,09999,网易
464,2022-04-29,132.4401,144.1287,130.1392,141.7357,10984182.0,09999,网易
465,2022-05-03,138.0543,142.38,135.9375,138.6985,6377133.0,09999,网易
466,2022-05-04,140.8154,140.8154,136.7658,138.0543,4708415.0,09999,网易
467,2022-05-05,140.0791,141.7357,134.741,135.7534,4569000.0,09999,网易
468,2022-05-06,132.7162,132.9003,128.8507,130.0471,4624480.0,09999,网易
469,2022-05-10,123.2365,129.2188,122.6842,127.5622,6739886.0,09999,网易
470,2022-05-11,127.5622,135.7534,127.01,131.1516,7214705.0,09999,网易
471,2022-05-12,128.1144,130.5073,125.4453,126.0896,5224501.0,09999,网易
472,2022-05-13,129.1268,134.4649,129.1268,131.8879,5055384.0,09999,网易
473,2022-05-16,136.4897,136.4897,130.0471,130.7834,4570034.0,09999,网易
474,2022-05-17,136.6738,139.803,135.2932,139.1587,6107142.0,09999,网易
475,2022-05-18,136.7658,141.1835,134.4649,140.3552,5283551.0,09999,网易
476,2022-05-19,136.2136,137.8702,134.0047,136.5817,6421782.0,09999,网易
477,2022-05-20,140.8154,144.6809,139.4348,143.5765,7025538.0,09999,网易
478,2022-05-23,140.9074,142.1959,138.9747,141.6437,6688859.0,09999,网易
479,2022-05-24,138.6065,141.9198,138.0543,138.9747,4587473.0,09999,网易
480,2022-05-25,138.9747,144.5889,137.318,143.2083,7945087.0,09999,网易
481,2022-05-26,143.2083,144.865,141.7357,143.4844,11250601.0,09999,网易
482,2022-05-27,149.8349,151.6757,147.6261,149.8349,13660401.0,09999,网易
483,2022-05-30,151.8597,154.1606,150.019,153.7004,9640719.0,09999,网易
484,2022-05-31,152.7801,156.6456,151.2155,156.6456,19603764.0,09999,网易
485,2022-06-01,150.4792,152.7801,149.3747,150.2951,9706069.0,09999,网易
486,2022-06-02,145.5092,149.2827,144.4968,147.534,7675633.0,09999,网易
487,2022-06-06,148.8225,153.7925,147.534,151.9518,7470041.0,09999,网易
488,2022-06-07,147.8025,150.6644,146.51,148.4487,7434421.0,09999,网易
489,2022-06-08,150.4797,157.0344,149.9258,156.8497,12713546.0,09999,网易
490,2022-06-09,155.7419,157.1267,153.7109,154.5418,9074855.0,09999,网易
491,2022-06-10,152.3261,159.7116,151.0336,159.25,14313339.0,09999,网易
492,2022-06-13,151.3106,153.157,149.2796,150.1105,8941997.0,09999,网易
493,2022-06-14,149.1873,154.1725,147.4332,150.5721,9147788.0,09999,网易
494,2022-06-15,150.5721,151.6799,147.0639,150.1105,8459137.0,09999,网易
495,2022-06-16,150.4797,151.4029,139.8631,142.171,10779433.0,09999,网易
496,2022-06-17,136.6319,144.479,136.1703,139.4938,12658112.0,09999,网易
497,2022-06-20,133.6777,133.77,124.9074,130.1696,25145696.0,09999,网易
498,2022-06-21,130.6312,132.5699,129.431,131.739,11667156.0,09999,网易
499,2022-06-22,134.7855,134.7855,127.8616,128.5078,8519701.0,09999,网易
500,2022-06-23,131.3697,134.1393,130.5389,131.4621,10034624.0,09999,网易
501,2022-06-24,134.7855,136.8165,132.2006,135.9857,7259387.0,09999,网易
502,2022-06-27,137.6474,143.2789,137.5551,141.2478,10630771.0,09999,网易
503,2022-06-28,140.6016,140.7863,136.6319,139.7707,7509359.0,09999,网易
504,2022-06-29,135.4318,137.0935,131.9236,134.047,10186199.0,09999,网易
505,2022-06-30,132.016,134.6932,131.4621,133.0315,7059018.0,09999,网易
506,2022-07-04,134.9702,135.2471,132.4776,134.1393,4786073.0,09999,网易
507,2022-07-05,134.7855,137.1858,132.9392,133.9547,3758694.0,09999,网易
508,2022-07-06,133.2161,134.6932,129.5234,131.3697,5550694.0,09999,网易
509,2022-07-07,125.646,129.0618,125.1844,128.5078,7603040.0,09999,网易
510,2022-07-08,130.1696,130.5389,127.3077,129.431,5716600.0,09999,网易
511,2022-07-11,129.0618,130.6312,126.0152,127.2154,5995350.0,09999,网易
512,2022-07-12,125.0921,127.677,125.0921,125.9229,3716296.0,09999,网易
513,2022-07-13,126.5692,131.0928,126.1076,128.2309,5519612.0,09999,网易
514,2022-07-14,129.6157,131.3697,127.8616,129.8003,4625412.0,09999,网易
515,2022-07-15,127.1231,128.9694,124.2612,124.2612,5069726.0,09999,网易
516,2022-07-18,124.3535,127.677,122.6918,126.7538,4880853.0,09999,网易
517,2022-07-19,127.2154,127.9539,126.1999,127.9539,3425902.0,09999,网易
518,2022-07-20,130.3542,133.4931,130.2619,132.7545,6267784.0,09999,网易
519,2022-07-21,136.7242,143.0942,135.0625,141.0632,15745442.0,09999,网易
520,2022-07-22,144.2021,145.0329,139.0322,139.4938,8040950.0,09999,网易
521,2022-07-25,139.4015,139.9554,136.355,138.7552,5615562.0,09999,网易
522,2022-07-26,141.1555,142.6326,139.2168,140.14,5663197.0,09999,网易
523,2022-07-27,137.2781,140.3247,137.2781,139.4938,4964580.0,09999,网易
524,2022-07-28,139.3092,140.417,137.5551,139.4015,8096610.0,09999,网易
525,2022-07-29,138.109,138.7552,132.3852,133.5854,6910912.0,09999,网易
526,2022-08-01,134.5086,134.5086,130.8158,132.8468,4342880.0,09999,网易
527,2022-08-02,130.6312,130.9081,127.3077,128.3232,5657332.0,09999,网易
528,2022-08-03,130.0773,132.8468,129.3387,131.4621,3603786.0,09999,网易
529,2022-08-04,132.9392,133.2161,127.4,128.6002,7511733.0,09999,网易
530,2022-08-05,128.6925,129.2464,125.8306,127.3077,6375428.0,09999,网易
531,2022-08-08,128.4155,130.8158,128.0463,129.431,3660441.0,09999,网易
532,2022-08-09,128.9694,130.6312,127.1231,128.1386,2528051.0,09999,网易
533,2022-08-10,129.3387,129.3387,124.8151,126.2922,2981939.0,09999,网易
534,2022-08-11,128.0463,131.4621,128.0463,131.4621,3762540.0,09999,网易
535,2022-08-12,131.4621,132.4776,129.3387,131.739,4210822.0,09999,网易
536,2022-08-15,128.8771,133.5854,128.8771,130.7235,2838085.0,09999,网易
537,2022-08-16,134.2316,134.5086,129.8003,131.739,4834314.0,09999,网易
538,2022-08-17,134.8778,135.5241,132.8468,133.2161,4097993.0,09999,网易
539,2022-08-18,132.5699,132.5699,129.8003,131.0928,5435322.0,09999,网易
540,2022-08-19,124.6305,127.9539,122.5071,122.7841,10485143.0,09999,网易
541,2022-08-22,124.6305,128.4155,123.1534,125.1844,9404396.0,09999,网易
542,2022-08-23,125.1844,126.7538,124.5381,125.7383,4286033.0,09999,网易
543,2022-08-24,126.7538,127.4,123.8919,124.8151,3879622.0,09999,网易
544,2022-08-25,128.1386,132.2929,126.4768,131.3697,5532359.0,09999,网易
545,2022-08-26,133.9547,134.6009,130.3542,131.4621,4600270.0,09999,网易
546,2022-08-29,127.0307,130.1696,126.4768,129.1541,4038240.0,09999,网易
547,2022-08-30,128.5078,129.2464,124.9074,128.6925,4868986.0,09999,网易
548,2022-08-31,125.6009,134.8703,125.6009,131.4406,6714810.0,09999,网易
549,2022-09-01,129.6794,131.9968,127.9183,130.0502,5759604.0,09999,网易
550,2022-09-02,128.9379,130.8845,127.1767,130.421,9436019.0,09999,网易
551,2022-09-05,127.2694,129.1233,126.8059,128.1036,4069929.0,09999,网易
552,2022-09-06,128.1036,129.8648,127.7329,128.6598,3129567.0,09999,网易
553,2022-09-07,126.9913,127.4548,124.952,126.7132,3572790.0,09999,网易
554,2022-09-08,126.4351,126.8986,122.0785,122.4493,5459921.0,09999,网易
555,2022-09-09,123.2835,129.0306,122.3566,128.3817,5201192.0,09999,网易
556,2022-09-13,127.9183,130.5137,126.9913,129.0306,4871235.0,09999,网易
557,2022-09-14,126.5278,128.289,126.0644,126.3424,3937909.0,09999,网易
558,2022-09-15,124.2105,125.5082,123.4689,124.674,4649082.0,09999,网易
559,2022-09-16,122.3566,125.5082,121.8004,122.542,21035312.0,09999,网易
560,2022-09-19,120.5027,121.5223,117.9073,118.0926,5694868.0,09999,网易
561,2022-09-20,121.9858,124.5813,120.5954,122.6347,4870072.0,09999,网易
562,2022-09-21,121.0589,121.1516,117.5365,118.1853,4457653.0,09999,网易
563,2022-09-22,114.5703,116.3315,114.3849,115.6826,3983263.0,09999,网易
564,2022-09-23,114.4776,116.1461,113.2725,113.5506,4813834.0,09999,网易
565,2022-09-26,112.9945,116.1461,112.3456,114.1995,5148598.0,09999,网易
566,2022-09-27,112.9945,114.663,112.2529,114.3849,3903551.0,09999,网易
567,2022-09-28,113.3652,113.736,110.5844,111.326,3836140.0,09999,网易
568,2022-09-29,112.7164,113.9214,107.989,109.0086,5228509.0,09999,网易
569,2022-09-30,108.8232,111.2333,107.989,109.8428,5768864.0,09999,网易
570,2022-10-03,108.8232,110.8625,108.1743,109.1013,3722218.0,09999,网易
571,2022-10-05,115.868,119.2977,114.7557,118.0,5888141.0,09999,网易
572,2022-10-06,118.5561,119.1123,117.073,117.4438,1852281.0,09999,网易
573,2022-10-07,115.4045,116.7022,114.1068,114.5703,2364822.0,09999,网易
574,2022-10-10,112.0675,112.9945,110.4917,111.1406,4936654.0,09999,网易
575,2022-10-11,110.6771,110.6771,106.4132,107.4328,4419202.0,09999,网易
576,2022-10-12,107.1547,108.5451,102.7981,106.0424,6369500.0,09999,网易
577,2022-10-13,105.4862,105.857,101.5004,101.7784,7373814.0,09999,网易
578,2022-10-14,103.1689,106.1351,101.2223,102.0565,7174627.0,09999,网易
579,2022-10-17,102.0565,102.6127,99.0903,101.315,9009000.0,09999,网易
580,2022-10-18,102.8908,105.3935,101.9638,104.652,8153590.0,09999,网易
581,2022-10-19,102.6127,103.1689,100.388,101.4077,4589066.0,09999,网易
582,2022-10-20,98.1634,98.1634,92.3236,92.6944,15276199.0,09999,网易
583,2022-10-21,92.7871,93.4359,88.1524,88.9866,16900383.0,09999,网易
584,2022-10-24,88.9866,92.2309,80.0416,82.0345,26475131.0,09999,网易
585,2022-10-25,83.8884,86.7619,78.9756,84.8154,14586447.0,09999,网易
586,2022-10-26,83.3786,86.5766,82.3126,83.9348,8324353.0,09999,网易
587,2022-10-27,85.696,86.8546,82.498,82.9151,7627392.0,09999,网易
588,2022-10-28,83.3323,83.3323,77.9096,78.7439,9481914.0,09999,网易
589,2022-10-31,79.3464,82.7297,78.5121,79.3464,6648777.0,09999,网易
590,2022-11-01,82.1736,87.1791,80.6441,85.5106,10115662.0,09999,网易
591,2022-11-02,86.0204,90.4234,84.8154,90.377,8426013.0,09999,网易
592,2022-11-03,86.901,87.2718,83.8421,84.1665,8054392.0,09999,网易
593,2022-11-04,86.0204,94.4556,86.0204,91.4894,9469343.0,09999,网易
594,2022-11-07,88.8012,95.4752,86.7156,91.8601,7766433.0,09999,网易
595,2022-11-08,91.8601,92.3236,89.6818,90.8405,4098017.0,09999,网易
596,2022-11-09,90.238,92.2773,88.3378,89.0793,5183017.0,09999,网易
597,2022-11-10,87.04,87.1791,84.5836,85.1398,5265972.0,09999,网易
598,2022-11-11,92.1382,93.8994,89.7282,92.4627,14492312.0,09999,网易
599,2022-11-14,101.9638,101.9638,93.6213,96.0314,8710472.0,09999,网易
600,2022-11-15,96.0314,102.7054,94.641,101.9638,9300810.0,09999,网易
601,2022-11-16,101.4077,106.0424,99.7392,105.4862,11059520.0,09999,网易
602,2022-11-17,103.4469,104.0958,90.0989,95.9387,26596684.0,09999,网易
603,2022-11-18,102.4273,103.6323,97.6999,99.4611,16221478.0,09999,网易
604,2022-11-21,97.7926,97.7926,93.0652,95.7533,7144745.0,09999,网易
605,2022-11-22,95.7533,96.5876,92.6944,94.0848,5877881.0,09999,网易
606,2022-11-23,95.1044,97.8853,93.714,96.4022,6781531.0,09999,网易
607,2022-11-24,100.1099,100.1099,97.5145,98.7195,5802936.0,09999,网易
608,2022-11-25,98.7195,98.7195,94.9191,96.4022,4769748.0,09999,网易
609,2022-11-28,92.509,94.7337,89.6355,94.1775,6015524.0,09999,网易
610,2022-11-29,97.978,102.4273,97.1437,101.6857,6895016.0,09999,网易
611,2022-11-30,101.0369,101.7784,98.256,101.315,20282715.0,09999,网易
612,2022-12-01,106.1471,106.2404,100.3641,100.5506,12100904.0,09999,网易
613,2022-12-02,99.5246,101.5767,99.2448,100.1775,12027645.0,09999,网易
614,2022-12-05,103.9085,106.3337,101.2036,105.9606,11243038.0,09999,网易
615,2022-12-06,100.1775,102.4161,98.5918,100.2708,7918041.0,09999,网易
616,2022-12-07,98.4986,102.1363,96.6331,96.9129,10051020.0,09999,网易
617,2022-12-08,99.4313,104.8413,99.1515,104.6547,9550045.0,09999,网易
618,2022-12-09,102.8825,105.6808,101.3901,104.9346,11365638.0,09999,网易
619,2022-12-12,101.5767,104.6547,101.3901,102.6027,6405575.0,09999,网易
620,2022-12-13,100.0843,103.6287,99.8044,101.2036,5061854.0,09999,网易
621,2022-12-14,100.3641,105.0278,100.3641,103.5354,10350246.0,09999,网易
622,2022-12-15,105.4009,106.0539,102.2296,103.722,6256562.0,09999,网易
623,2022-12-16,105.1211,105.1211,101.017,102.7892,8547354.0,09999,网易
624,2022-12-19,104.5615,107.9194,103.2556,103.722,3222337.0,09999,网易
625,2022-12-20,101.017,102.3229,99.338,100.4574,4185542.0,09999,网易
626,2022-12-21,100.7372,102.9758,100.4574,102.9758,3614505.0,09999,网易
627,2022-12-22,106.1471,108.1059,104.9346,107.8261,4114140.0,09999,网易
628,2022-12-23,105.4942,107.6395,104.3749,105.6808,2379655.0,09999,网易
629,2022-12-28,106.5202,108.1059,105.5875,106.8933,3756342.0,09999,网易
630,2022-12-29,104.6547,106.3337,102.6027,103.8153,3703805.0,09999,网易
631,2022-12-30,106.8933,109.2252,105.6808,106.8001,4916460.0,09999,网易
632,2023-01-03,104.0951,110.9042,104.0951,110.6243,4042601.0,09999,网易
633,2023-01-04,111.5571,118.1796,110.7176,117.2469,9520228.0,09999,网易
634,2023-01-05,119.3922,121.1644,117.0603,118.2729,8010724.0,09999,网易
635,2023-01-06,120.4182,120.4182,114.4486,116.3141,7855527.0,09999,网易
636,2023-01-09,117.5267,120.325,117.5267,119.2989,6075607.0,09999,网易
637,2023-01-10,116.594,119.2989,116.1276,118.5527,7319095.0,09999,网易
638,2023-01-11,118.646,121.0712,117.1536,117.5267,6590850.0,09999,网易
639,2023-01-12,122.1905,125.7349,120.6981,121.9106,10581881.0,09999,网易
640,2023-01-13,123.4963,128.7197,122.4703,127.6937,8976763.0,09999,网易
641,2023-01-16,127.6937,128.3466,123.2165,124.8022,5793376.0,09999,网易
642,2023-01-17,123.6829,125.082,121.9106,124.6156,4817763.0,09999,网易
643,2023-01-18,130.5852,133.57,129.1861,132.7306,8757056.0,09999,网易
644,2023-01-19,132.3575,132.3575,128.2533,128.7197,5295149.0,09999,网易
645,2023-01-20,131.3314,131.9844,128.3466,131.518,4495153.0,09999,网易
646,2023-01-26,133.9431,135.1557,131.9844,135.0624,5371821.0,09999,网易
647,2023-01-27,135.3423,136.7414,134.223,134.9692,2813343.0,09999,网易
648,2023-01-30,134.5961,135.5288,130.2121,131.2382,8840081.0,09999,网易
649,2023-01-31,132.8238,133.3835,128.3466,130.3054,6861128.0,09999,网易
650,2023-02-01,130.492,134.223,128.7197,133.9431,6888039.0,09999,网易
651,2023-02-02,133.9431,135.9952,132.4507,132.9171,3700281.0,09999,网易
652,2023-02-03,132.6373,134.4095,131.0516,133.6633,4503492.0,09999,网易
653,2023-02-06,132.9171,132.9171,128.9063,129.7458,6737830.0,09999,网易
654,2023-02-07,129.7458,133.1969,128.0668,131.518,4910298.0,09999,网易
655,2023-02-08,129.4659,138.2338,128.7197,132.9171,8721411.0,09999,网易
656,2023-02-09,128.7197,133.9431,127.5071,133.57,8035679.0,09999,网易
657,2023-02-10,133.1037,134.6893,127.787,128.5332,6668156.0,09999,网易
658,2023-02-13,126.0147,130.7718,124.5223,129.6525,4882319.0,09999,网易
659,2023-02-14,129.6525,129.839,127.2273,127.9735,3690561.0,09999,网易
660,2023-02-15,126.5744,127.6937,125.082,126.0147,4106381.0,09999,网易
661,2023-02-16,126.2946,131.2382,126.2946,128.9063,6020524.0,09999,网易
662,2023-02-17,129.5592,131.518,126.2013,126.9475,5614654.0,09999,网易
663,2023-02-20,127.134,130.1189,126.0147,129.2794,2547656.0,09999,网易
664,2023-02-21,129.2794,129.6525,124.8954,125.7349,6201999.0,09999,网易
665,2023-02-22,124.8954,127.0408,123.4963,124.6156,6025388.0,09999,网易
666,2023-02-23,124.8954,130.8651,124.8954,129.7458,5658638.0,09999,网易
667,2023-02-24,121.6308,121.6308,114.5419,115.1948,14603849.0,09999,网易
668,2023-02-27,114.6352,116.9671,113.0495,115.941,8007155.0,09999,网易
669,2023-02-28,115.941,116.8738,112.5831,112.9562,9672111.0,09999,网易
670,2023-03-01,115.6612,123.8694,114.915,122.4703,9373964.0,09999,网易
671,2023-03-02,119.4855,123.5896,119.4855,122.1905,6388166.0,09999,网易
672,2023-03-03,125.4551,127.6937,123.403,126.4811,6964215.0,09999,网易
673,2023-03-06,125.2685,127.5071,124.8954,126.2946,4968731.0,09999,网易
674,2023-03-07,126.2946,129.2794,124.6156,126.108,5741530.0,09999,网易
675,2023-03-08,124.4458,124.4458,119.9546,121.3581,5176859.0,09999,网易
676,2023-03-09,121.3581,122.4809,119.7674,119.861,4162406.0,09999,网易
677,2023-03-10,119.206,121.2645,117.2411,119.3932,13373920.0,09999,网易
678,2023-03-13,122.8552,125.1944,121.5452,123.2295,6007016.0,09999,网易
679,2023-03-14,123.2295,124.9137,119.5803,120.8903,5955974.0,09999,网易
680,2023-03-15,126.1301,127.2529,124.4458,125.3815,5805096.0,09999,网易
681,2023-03-16,123.6973,125.288,122.1066,123.2295,2913930.0,09999,网易
682,2023-03-17,126.3172,128.5629,125.1008,126.5979,7110180.0,09999,网易
683,2023-03-20,126.7851,127.5336,122.7616,124.1651,3147311.0,09999,网易
684,2023-03-21,122.8552,125.6622,122.8552,124.4458,4118375.0,09999,网易
685,2023-03-22,126.0365,127.7207,124.8201,125.3815,3749088.0,09999,网易
686,2023-03-23,125.7558,131.1828,125.3815,130.3406,5806683.0,09999,网易
687,2023-03-24,131.0892,134.4577,130.8085,131.9313,3347516.0,09999,网易
688,2023-03-27,132.6799,132.6799,127.6272,128.5629,3368798.0,09999,网易
689,2023-03-28,131.0892,131.7442,128.0014,130.8085,3422699.0,09999,网易
690,2023-03-29,134.7384,136.4226,129.5921,130.0599,6123092.0,09999,网易
691,2023-03-30,129.6857,129.6857,126.3172,127.1593,6490805.0,09999,网易
692,2023-03-31,129.1243,130.3406,128.0014,129.1243,4316476.0,09999,网易
693,2023-04-03,129.1243,129.7792,127.8143,129.7792,3493040.0,09999,网易
694,2023-04-04,132.4927,132.4927,130.1535,131.8377,5077986.0,09999,网易
695,2023-04-06,130.5278,131.8377,128.8436,131.1828,2664424.0,09999,网易
696,2023-04-11,130.9021,131.557,128.1886,131.2763,3167595.0,09999,网易
697,2023-04-12,133.0541,133.0541,129.8728,131.0892,3736603.0,09999,网易
698,2023-04-13,130.0599,132.3056,127.8143,132.0249,6085642.0,09999,网易
699,2023-04-14,133.8027,137.0776,132.9606,136.0483,6256044.0,09999,网易
700,2023-04-17,135.0191,138.1068,133.3348,137.4518,6450570.0,09999,网易
701,2023-04-18,137.7325,138.3875,135.1126,136.7969,3951450.0,09999,网易
702,2023-04-19,136.7033,136.8904,132.0249,133.3348,3853566.0,09999,网易
703,2023-04-20,135.2062,136.4226,134.177,134.7384,2733091.0,09999,网易
704,2023-04-21,135.0191,135.2998,132.0249,132.9606,3346919.0,09999,网易
705,2023-04-24,134.3641,135.5805,132.212,134.5512,4452211.0,09999,网易
706,2023-04-25,135.674,136.0483,127.8143,129.5921,5190765.0,09999,网易
707,2023-04-26,125.8494,129.0307,124.2587,127.1593,7217137.0,09999,网易
708,2023-04-27,124.9137,127.7207,124.9137,127.0658,3508636.0,09999,网易
709,2023-04-28,129.2178,131.9313,129.2178,129.6857,3097886.0,09999,网易
710,2023-05-02,132.0249,132.9606,128.75,129.8728,1966497.0,09999,网易
711,2023-05-03,129.4985,130.6214,128.1886,129.8728,3281142.0,09999,网易
712,2023-05-04,130.3406,132.3056,128.5629,129.1243,3360984.0,09999,网易
713,2023-05-05,130.3406,132.3992,129.6857,130.6214,3528738.0,09999,网易
714,2023-05-08,130.6214,132.867,130.4342,131.8377,2383517.0,09999,网易
715,2023-05-09,131.557,132.4927,127.6272,128.3757,4035263.0,09999,网易
716,2023-05-10,129.0307,130.1535,127.9079,129.5921,2541215.0,09999,网易
717,2023-05-11,130.4342,130.5278,126.7851,129.4985,3466910.0,09999,网易
718,2023-05-12,128.9371,128.9371,125.8494,126.9722,4479119.0,09999,网易
719,2023-05-15,127.7207,130.0599,126.0365,128.6564,3902789.0,09999,网易
720,2023-05-16,130.9956,130.9956,129.2178,130.5278,3869688.0,09999,网易
721,2023-05-17,131.4635,131.6506,126.8786,127.44,4107929.0,09999,网易
722,2023-05-18,127.9079,130.9956,127.6272,130.4342,3239205.0,09999,网易
723,2023-05-19,128.8436,130.2471,127.44,129.4985,6409505.0,09999,网易
724,2023-05-22,129.1243,132.212,128.1886,130.9956,4093695.0,09999,网易
725,2023-05-23,130.8085,130.8085,125.5687,126.3172,5323804.0,09999,网易
726,2023-05-24,124.4458,126.8786,122.1066,123.2295,3491134.0,09999,网易
727,2023-05-25,123.4166,124.3523,119.861,122.1066,4698017.0,09999,网易
728,2023-05-29,130.8085,133.7091,130.4342,130.9021,6730915.0,09999,网易
729,2023-05-30,131.6506,132.867,128.1886,130.5278,5031948.0,09999,网易
730,2023-05-31,125.1944,125.1944,121.8259,124.0716,10731702.0,09999,网易
731,2023-06-01,123.7909,127.0658,122.9488,123.2295,5408802.0,09999,网易
732,2023-06-02,125.4751,128.8436,125.4751,127.6272,9262199.0,09999,网易
733,2023-06-05,127.8143,127.9079,124.7266,126.2236,5214314.0,09999,网易
734,2023-06-06,127.7207,131.6506,126.9722,129.4985,5477390.0,09999,网易
735,2023-06-07,135.9547,136.0483,133.0541,134.3641,8064448.0,09999,网易
736,2023-06-08,133.7322,136.2714,133.2619,135.2369,4548508.0,09999,网易
737,2023-06-09,136.2714,138.7166,134.9547,137.588,8611074.0,09999,网易
738,2023-06-12,137.588,138.6225,136.2714,137.494,3583788.0,09999,网易
739,2023-06-13,138.2463,142.4784,137.8701,141.2558,4793835.0,09999,网易
740,2023-06-14,143.1367,145.5818,142.3843,143.3248,8593630.0,09999,网易
741,2023-06-15,145.7699,146.0521,141.726,145.4878,6256901.0,09999,网易
742,2023-06-16,144.2652,147.933,142.9486,146.4283,7904798.0,09999,网易
743,2023-06-19,145.7699,145.7699,142.8545,144.5474,3413412.0,09999,网易
744,2023-06-20,144.1712,145.3938,141.632,143.6069,5401249.0,09999,网易
745,2023-06-21,139.8451,141.726,139.2808,139.657,3901647.0,09999,网易
746,2023-06-23,138.9987,139.0927,136.6476,138.3404,2977396.0,09999,网易
747,2023-06-26,138.3404,139.1868,136.4595,136.9297,4134033.0,09999,网易
748,2023-06-27,137.9642,146.7104,137.2118,143.7009,8123061.0,09999,网易
749,2023-06-28,143.7009,145.1116,142.0081,143.7009,4453577.0,09999,网易
750,2023-06-29,144.8295,145.6759,141.5379,143.5129,10011923.0,09999,网易
751,2023-06-30,142.7605,143.889,140.3153,143.5129,6998138.0,09999,网易
752,2023-07-03,144.4533,146.6163,142.1022,145.7699,4874632.0,09999,网易
753,2023-07-04,148.027,148.8734,146.3342,148.027,4051834.0,09999,网易
754,2023-07-05,146.2402,147.7449,145.6759,145.864,2478373.0,09999,网易
755,2023-07-06,145.3938,147.933,142.1962,143.3248,3819929.0,09999,网易
756,2023-07-07,141.0677,141.9141,138.2463,138.8106,4934875.0,09999,网易
757,2023-07-10,142.2903,143.795,140.3153,141.5379,3469798.0,09999,网易
758,2023-07-11,144.7354,145.6759,142.4784,143.9831,4045543.0,09999,网易
759,2023-07-12,145.5818,148.3092,144.3593,147.7449,5000171.0,09999,网易
760,2023-07-13,150.4722,153.9519,150.2841,153.8578,7462645.0,09999,网易
761,2023-07-14,158.5601,161.8517,153.2935,156.9613,9500202.0,09999,网易
762,2023-07-18,154.4221,157.1494,153.5757,155.2685,4052183.0,09999,网易
763,2023-07-19,151.7888,153.9519,150.5662,153.3876,3863159.0,09999,网易
764,2023-07-20,151.8829,154.234,149.9079,150.8484,3742749.0,09999,网易
765,2023-07-21,150.9424,152.3531,148.9675,150.6603,2622882.0,09999,网易
766,2023-07-24,146.9925,150.8484,146.8044,148.5913,3473596.0,09999,网易
767,2023-07-25,152.3531,155.6447,150.6603,155.1745,6310851.0,09999,网易
768,2023-07-26,156.1149,157.9958,155.5506,157.4315,4014907.0,09999,网易
769,2023-07-27,159.8767,160.441,158.1839,160.3469,3872314.0,09999,网易
770,2023-07-28,157.0554,162.3219,156.9613,158.466,5289580.0,09999,网易
771,2023-07-31,161.0993,163.4504,158.466,159.4065,5569473.0,09999,网易
772,2023-08-01,162.1338,165.8015,159.9708,161.3814,5815446.0,09999,网易
773,2023-08-02,159.5946,161.4755,156.397,158.2779,5600834.0,09999,网易
774,2023-08-03,156.2089,161.0052,156.2089,158.6541,4191702.0,09999,网易
775,2023-08-04,160.0648,163.7326,160.0648,162.604,5244042.0,09999,网易
776,2023-08-07,159.4065,162.1338,157.2434,161.6636,2476917.0,09999,网易
777,2023-08-08,160.1588,160.8172,157.5256,158.1839,4055721.0,09999,网易
778,2023-08-09,158.1839,159.6886,157.3375,158.6541,3974001.0,09999,网易
779,2023-08-10,157.2434,161.0052,156.303,160.1588,4513727.0,09999,网易
780,2023-08-11,160.1588,160.1588,153.1995,153.8578,6393912.0,09999,网易
781,2023-08-14,150.096,152.6352,148.1211,152.5412,4982218.0,09999,网易
782,2023-08-15,150.7543,153.6697,150.7543,152.6352,2867249.0,09999,网易
783,2023-08-16,151.3186,153.6697,150.8484,152.7293,2748453.0,09999,网易
784,2023-08-17,148.4972,152.9174,147.1806,152.2591,4001651.0,09999,网易
785,2023-08-18,148.5913,151.4126,146.7104,147.1806,3802172.0,09999,网易
786,2023-08-21,144.0771,148.5913,144.0771,146.4283,4839135.0,09999,网易
787,2023-08-22,146.7104,151.8829,146.7104,149.7198,4070027.0,09999,网易
788,2023-08-23,150.8484,151.7888,148.4032,149.3437,3691081.0,09999,网易
789,2023-08-24,149.3437,155.2685,148.8734,154.7983,4924851.0,09999,网易
790,2023-08-25,145.7699,147.4628,144.2652,144.3593,8511827.0,09999,网易
791,2023-08-28,151.6007,151.8829,147.6508,148.5913,6738206.0,09999,网易
792,2023-08-29,152.3531,154.4221,151.1305,153.8578,6735314.0,09999,网易
793,2023-08-30,155.5506,156.1149,152.165,152.9174,4971205.0,09999,网易
794,2023-08-31,153.2935,156.0209,152.071,154.0459,12253861.0,09999,网易
795,2023-09-04,153.5757,155.6447,152.7293,154.5161,6114988.0,09999,网易
796,2023-09-05,152.5412,153.5757,150.7543,151.2246,2937210.0,09999,网易
797,2023-09-06,150.4722,150.4722,147.2747,148.2151,2951320.0,09999,网易
798,2023-09-07,148.8042,148.9933,146.5353,147.1025,2581048.0,09999,网易
799,2023-09-11,145.9681,151.8295,145.5899,151.3568,6845974.0,09999,网易
800,2023-09-12,150.5059,152.1131,148.8988,150.7895,3763416.0,09999,网易
801,2023-09-13,150.7895,151.7349,148.3315,149.7496,3581884.0,09999,网易
802,2023-09-14,150.9786,151.4513,149.0878,150.0332,2193895.0,09999,网易
803,2023-09-15,149.8442,152.9639,148.8988,152.2076,7371774.0,09999,网易
804,2023-09-18,149.1824,151.8295,149.1824,149.6551,2647205.0,09999,网易
805,2023-09-19,150.3169,151.4513,149.3715,151.3568,2040787.0,09999,网易
806,2023-09-20,149.9387,149.9387,146.1571,146.5353,3282709.0,09999,网易
807,2023-09-21,144.7391,145.6844,142.7537,144.0773,4398783.0,09999,网易
808,2023-09-22,145.4008,154.0039,144.1718,153.0585,5568556.0,09999,网易
809,2023-09-25,151.2622,151.2622,148.3315,149.3715,3694359.0,09999,网易
810,2023-09-26,149.3715,149.6551,146.8189,148.237,3275603.0,09999,网易
811,2023-09-27,147.4807,149.2769,145.8735,146.7244,2565050.0,09999,网易
812,2023-09-28,146.4408,146.6298,140.863,142.9428,4555737.0,09999,网易
813,2023-09-29,145.6844,151.7349,145.4008,150.7895,5017883.0,09999,网易
814,2023-10-03,148.6152,148.6152,144.4554,145.4008,3255492.0,09999,网易
815,2023-10-04,145.9681,146.8189,143.8882,144.3609,2239850.0,09999,网易
816,2023-10-05,146.4408,147.7643,145.4008,145.779,2443392.0,09999,网易
817,2023-10-06,148.6152,149.7496,147.7643,148.3315,2757712.0,09999,网易
818,2023-10-09,152.5858,152.9639,146.8189,151.4513,2891362.0,09999,网易
819,2023-10-10,154.8547,157.7854,154.8547,156.3673,3826493.0,09999,网易
820,2023-10-11,158.9199,159.2035,156.0837,156.9346,5036683.0,09999,网易
821,2023-10-12,161.567,162.9851,159.9598,161.6615,4034052.0,09999,网易
822,2023-10-13,158.3527,159.0144,153.7203,154.7602,4806173.0,09999,网易
823,2023-10-16,155.611,156.7455,152.7749,153.9093,3040571.0,09999,网易
824,2023-10-17,155.8946,155.8946,153.153,154.5711,3079527.0,09999,网易
825,2023-10-18,151.7349,154.9493,149.8442,154.2875,3874269.0,09999,网易
826,2023-10-19,152.1131,154.1929,151.0732,151.0732,3420807.0,09999,网易
827,2023-10-20,149.7496,152.0186,149.1824,149.6551,2295063.0,09999,网易
828,2023-10-24,149.6551,151.0732,147.6698,148.237,3036954.0,09999,网易
829,2023-10-25,157.7854,158.6363,152.3022,153.153,4832378.0,09999,网易
830,2023-10-26,152.9639,155.611,152.6803,154.6656,3846494.0,09999,网易
831,2023-10-27,153.5312,161.9451,153.5312,160.0544,6548394.0,09999,网易
832,2023-10-30,158.9199,161.6615,158.7308,160.7161,4224333.0,09999,网易
833,2023-10-31,160.5271,162.5124,158.5417,159.109,6213829.0,09999,网易
834,2023-11-01,157.2182,159.298,155.7056,158.4472,3063299.0,09999,网易
835,2023-11-02,160.1489,161.4724,159.109,159.9598,3543449.0,09999,网易
836,2023-11-03,160.2434,164.4031,159.5817,163.6468,4061230.0,09999,网易
837,2023-11-06,164.1195,168.1847,164.1195,166.0103,6035634.0,09999,网易
838,2023-11-07,163.5523,165.9158,163.0796,164.4977,5121610.0,09999,网易
839,2023-11-08,162.6069,167.0502,162.6069,164.3086,4459411.0,09999,网易
840,2023-11-09,166.3885,167.9956,164.3086,167.1448,3893608.0,09999,网易
841,2023-11-10,166.1048,166.6721,164.6868,165.6322,2365869.0,09999,网易
842,2023-11-13,166.3885,169.8864,165.5376,169.2246,3958331.0,09999,网易
843,2023-11-14,169.7919,169.8864,164.9704,165.254,3939612.0,09999,网易
844,2023-11-15,167.8065,170.9263,167.0502,170.17,6972114.0,09999,网易
845,2023-11-16,169.0356,169.0356,164.9704,166.1048,7205206.0,09999,网易
846,2023-11-17,166.7666,171.3045,165.5376,169.6028,7168740.0,09999,网易
847,2023-11-20,172.9116,175.5587,172.3444,173.1953,6198874.0,09999,网易
848,2023-11-21,173.1007,174.8024,168.4683,169.7919,6887862.0,09999,网易
849,2023-11-22,169.2246,172.5335,168.8465,171.4936,3372255.0,09999,网易
850,2023-11-23,171.2099,172.0608,168.941,171.399,3515130.0,09999,网易
851,2023-11-24,169.5082,169.5082,164.9704,165.6322,4576808.0,09999,网易
852,2023-11-27,169.0356,169.6973,164.8758,166.9557,6081692.0,09999,网易
853,2023-11-28,167.9011,169.6028,166.5775,167.712,5976639.0,09999,网易
854,2023-11-29,168.7519,169.6028,166.1048,167.1448,7028446.0,09999,网易
855,2023-11-30,167.1191,168.3535,164.4604,167.4039,10406930.0,09999,网易
856,2023-12-01,166.1695,168.3535,166.1695,166.9292,5603105.0,09999,网易
857,2023-12-04,162.6562,163.5108,157.6237,158.1934,9049628.0,09999,网易
858,2023-12-05,153.2558,154.7751,148.793,150.0274,9197781.0,09999,网易
859,2023-12-06,152.4012,157.3388,151.5466,156.864,8314088.0,09999,网易
860,2023-12-07,152.2113,156.7691,151.9264,156.1994,7914400.0,09999,网易
861,2023-12-08,154.7751,158.4783,154.7751,156.6741,8354210.0,09999,网易
862,2023-12-11,154.1104,157.7186,153.6356,156.0095,6817634.0,09999,网易
863,2023-12-12,156.0095,158.1934,155.6296,157.1489,4977290.0,09999,网易
864,2023-12-13,158.4783,161.2319,158.1934,159.8076,6226002.0,09999,网易
865,2023-12-14,159.6177,160.3773,153.8255,154.7751,7392422.0,09999,网易
866,2023-12-15,150.9769,156.5792,150.9769,155.1549,7993664.0,09999,网易
867,2023-12-18,152.4962,153.7306,151.3567,152.2113,5030079.0,09999,网易
868,2023-12-19,151.9264,154.2053,151.4517,153.3507,3306622.0,09999,网易
869,2023-12-20,153.3507,154.965,151.9264,153.9205,5281162.0,09999,网易
870,2023-12-21,153.2558,154.2053,153.2558,153.6356,3742487.0,09999,网易
871,2023-12-22,152.876,154.7751,110.2416,115.8439,53540512.0,09999,网易
872,2023-12-27,131.9861,132.3659,124.01,129.6122,34053778.0,09999,网易
873,2023-12-28,128.1879,135.9742,127.998,133.9801,12592080.0,09999,网易
874,2023-12-29,134.0751,134.265,130.2769,133.5054,8650800.0,09999,网易
875,2024-01-02,139.1076,143.1907,138.7278,138.7278,13657122.0,09999,网易
876,2024-01-03,137.2086,141.3865,135.3095,140.0572,8271271.0,09999,网易
877,2024-01-04,142.1462,143.6654,139.2976,141.1966,6083504.0,09999,网易
878,2024-01-05,141.7664,141.7664,138.0631,138.7278,5369912.0,09999,网易
879,2024-01-08,135.0246,136.5439,132.271,133.6953,7851963.0,09999,网易
880,2024-01-09,132.9356,135.1196,132.081,133.1255,4904979.0,09999,网易
881,2024-01-10,133.6953,134.6448,131.8911,133.0306,3976218.0,09999,网易
882,2024-01-11,132.271,135.4994,131.4164,134.17,5625162.0,09999,网易
883,2024-01-12,133.9801,136.354,132.3659,133.5054,5596950.0,09999,网易
884,2024-01-15,135.0246,135.2145,133.2205,134.265,4495450.0,09999,网易
885,2024-01-16,134.265,135.0246,131.7012,132.9356,6019776.0,09999,网易
886,2024-01-17,132.176,133.0306,126.6687,128.093,9208723.0,09999,网易
887,2024-01-18,130.087,131.3214,128.8526,130.182,5477215.0,09999,网易
888,2024-01-19,132.9356,135.9742,130.7517,131.8911,7285745.0,09999,网易
889,2024-01-22,134.5499,134.9297,129.1375,130.9416,8327959.0,09999,网易
890,2024-01-23,133.7902,140.0572,132.5558,138.8228,13836383.0,09999,网易
891,2024-01-24,145.7544,149.6475,143.1907,147.9384,12915672.0,09999,网易
892,2024-01-25,148.8879,153.5407,147.5586,153.3507,12663251.0,09999,网易
893,2024-01-26,154.3952,155.0599,148.5081,149.4576,9405952.0,09999,网易
894,2024-01-29,151.9264,153.2558,150.787,151.4517,5285514.0,09999,网易
895,2024-01-30,147.9384,148.2232,142.8109,144.8049,9667396.0,09999,网易
896,2024-01-31,143.8553,145.1847,142.6209,143.8553,5221221.0,09999,网易
897,2024-02-01,146.1342,150.3122,144.7099,147.9384,7171360.0,09999,网易
898,2024-02-02,152.3063,154.0154,146.9888,147.9384,6686436.0,09999,网易
899,2024-02-05,146.0393,151.7365,143.5705,149.5526,6296160.0,09999,网易
900,2024-02-06,151.3567,158.1934,149.9324,157.1489,8940519.0,09999,网易
901,2024-02-07,158.8581,162.4663,153.9205,155.1549,8515990.0,09999,网易
902,2024-02-08,156.6741,158.0035,154.4902,156.3893,5549313.0,09999,网易
903,2024-02-09,154.87,158.6682,153.3507,155.8196,2009467.0,09999,网易
904,2024-02-14,155.3448,159.4278,151.8315,158.6682,4300544.0,09999,网易
905,2024-02-15,157.3388,160.9471,156.2943,160.0925,3598353.0,09999,网易
906,2024-02-16,160.2824,163.3209,156.6741,162.8461,3623615.0,09999,网易
907,2024-02-19,160.2824,161.4218,159.4278,160.8521,6027154.0,09999,网易
908,2024-02-20,161.4218,161.9916,159.3329,161.9916,3558123.0,09999,网易
909,2024-02-21,159.3329,164.3654,158.5732,162.7512,4037955.0,09999,网易
910,2024-02-22,159.4278,161.2319,158.0984,161.2319,5695702.0,09999,网易
911,2024-02-23,161.3269,163.7007,159.9975,160.9471,4112395.0,09999,网易
912,2024-02-26,160.1874,160.3773,157.6237,159.1429,4081936.0,09999,网易
913,2024-02-27,158.0984,160.7572,156.3893,160.4723,4480288.0,09999,网易
914,2024-02-28,166.6443,171.392,166.6443,167.7838,9095874.0,09999,网易
915,2024-02-29,169.2081,169.5879,166.2645,167.309,7171726.0,09999,网易
916,2024-03-01,160.9471,165.5998,159.6177,164.0806,10070862.0,09999,网易
917,2024-03-04,166.0746,169.303,165.0301,166.7393,4623024.0,09999,网易
918,2024-03-05,163.0361,163.9856,158.1934,159.1429,6600380.0,09999,网易
919,2024-03-06,159.1429,161.8017,157.1489,160.8521,4451987.0,09999,网易
920,2024-03-07,154.4902,155.2498,152.0214,154.3952,6878883.0,09999,网易
921,2024-03-08,157.3388,160.2824,156.864,158.2884,4767178.0,09999,网易
922,2024-03-11,158.953,161.8966,157.5287,160.4723,3589566.0,09999,网易
923,2024-03-12,161.137,163.7007,158.3833,162.1815,5209551.0,09999,网易
924,2024-03-13,163.0355,166.6798,160.7338,164.8576,4275336.0,09999,网易
925,2024-03-14,166.6798,168.1183,162.6519,163.7068,3865305.0,09999,网易
926,2024-03-15,162.0764,163.2273,158.4321,163.1314,9345420.0,09999,网易
927,2024-03-18,159.4871,160.8297,158.1444,159.3912,3836436.0,09999,网易
928,2024-03-19,156.8018,157.8567,155.3632,156.1304,4455974.0,09999,网易
929,2024-03-20,156.1304,159.0075,155.0755,158.1444,2826779.0,09999,网易
930,2024-03-21,160.6379,163.1314,160.2543,162.0764,3168260.0,09999,网易
931,2024-03-22,160.9256,160.9256,157.0895,159.9666,3877323.0,09999,网易
932,2024-03-25,158.6239,158.9116,155.3632,156.8018,2520550.0,09999,网易
933,2024-03-26,156.5141,157.7608,154.596,155.7468,4108395.0,09999,网易
934,2024-03-27,154.596,156.4182,153.4452,154.8837,2881255.0,09999,网易
935,2024-03-28,155.1714,158.8157,154.0206,156.1304,4242968.0,09999,网易
936,2024-04-02,148.65,149.3213,142.9917,145.3893,12040096.0,09999,网易
937,2024-04-03,144.8139,145.0057,142.3204,143.4712,6909465.0,09999,网易
938,2024-04-05,144.718,145.677,142.0327,143.663,4212584.0,09999,网易
939,2024-04-08,143.5671,146.7319,142.8958,145.1016,4497393.0,09999,网易
940,2024-04-09,147.2114,152.0066,146.9237,151.0476,7211528.0,09999,网易
941,2024-04-10,151.8148,154.6919,151.0476,152.2943,6376220.0,09999,网易
942,2024-04-11,148.7459,148.9377,145.9647,147.691,6909454.0,09999,网易
943,2024-04-12,145.1016,146.5401,143.8548,144.9098,7541860.0,09999,网易
944,2024-04-15,140.0187,141.0736,138.772,139.6351,6748043.0,09999,网易
945,2024-04-16,137.2375,138.772,135.2235,136.4703,7555449.0,09999,网易
946,2024-04-17,136.1826,136.4703,132.1546,135.3194,7368421.0,09999,网易
947,2024-04-18,135.2235,137.4293,133.5932,137.0457,12962038.0,09999,网易
948,2024-04-19,137.0457,138.1006,135.4153,136.9498,11562730.0,09999,网易
949,2024-04-22,140.69,143.2794,140.2105,140.4023,5813347.0,09999,网易
950,2024-04-23,143.1835,143.1835,138.4842,139.8269,6114318.0,09999,网易
951,2024-04-24,141.1695,142.5122,139.1556,142.0327,7547444.0,09999,网易
952,2024-04-25,139.731,144.1425,139.5392,140.5941,4248674.0,09999,网易
953,2024-04-26,141.2654,144.4302,141.2654,143.0876,7303555.0,09999,网易
954,2024-04-29,143.8548,148.65,143.1835,144.8139,7082099.0,09999,网易
955,2024-04-30,145.7729,147.8828,143.663,144.1425,4187893.0,09999,网易
956,2024-05-02,141.4572,145.3893,139.731,143.9507,4753703.0,09999,网易
957,2024-05-03,149.609,152.7738,147.8828,150.664,7255610.0,09999,网易
958,2024-05-06,154.1165,155.6509,152.0066,154.1165,5486397.0,09999,网易
959,2024-05-07,152.0066,152.3902,145.4852,146.4442,9104315.0,09999,网易
960,2024-05-08,145.677,147.8828,144.6221,144.8139,8155607.0,09999,网易
961,2024-05-09,145.1016,148.1705,143.4712,147.691,5308571.0,09999,网易
962,2024-05-10,146.636,149.609,144.6221,147.0196,4380308.0,09999,网易
963,2024-05-13,145.9647,148.4582,145.3893,148.2664,5626696.0,09999,网易
964,2024-05-14,150.5681,151.9107,149.7049,150.5681,6757457.0,09999,网易
965,2024-05-16,149.8967,153.7329,149.1295,151.9107,9263820.0,09999,网易
966,2024-05-17,159.4871,162.2682,155.4591,156.1304,8719967.0,09999,网易
967,2024-05-20,159.2952,161.3092,157.2813,158.1444,5673998.0,09999,网易
968,2024-05-21,155.0755,155.7468,151.3353,152.0066,8886027.0,09999,网易
969,2024-05-22,149.4172,149.4172,146.0606,147.3073,6218888.0,09999,网易
970,2024-05-23,145.1016,145.1975,135.3194,135.7031,14943774.0,09999,网易
971,2024-05-24,140.1146,141.9368,135.799,136.2785,16461771.0,09999,网易
972,2024-05-27,136.5662,137.2375,131.5792,133.5932,11596236.0,09999,网易
973,2024-05-28,134.6481,136.6621,133.1137,134.2645,8592144.0,09999,网易
974,2024-05-29,134.4563,136.6621,132.5382,133.2096,9052457.0,09999,网易
975,2024-05-30,133.0178,136.3744,132.6342,133.9768,6927336.0,09999,网易
976,2024-05-31,136.0867,136.8539,131.4833,131.9628,11187499.0,09999,网易
977,2024-06-03,134.5522,136.8539,133.4014,134.9358,5497546.0,09999,网易
978,2024-06-04,133.6891,135.4153,132.6342,134.3604,4370237.0,09999,网易
979,2024-06-05,134.7198,139.1558,133.8519,137.6129,7858380.0,09999,网易
980,2024-06-06,143.1097,144.074,141.4703,142.2417,7355585.0,09999,网易
981,2024-06-07,142.8204,143.7847,141.2774,141.6631,8217291.0,09999,网易
982,2024-06-11,140.9881,142.2417,139.5416,141.3738,5986395.0,09999,网易
983,2024-06-12,139.8309,141.5667,138.8665,140.7952,5626202.0,09999,网易
984,2024-06-13,141.6631,141.6631,137.9986,139.7344,6355939.0,09999,网易
985,2024-06-14,138.8665,139.9273,137.7093,138.963,8767499.0,09999,网易
986,2024-06-17,138.7701,141.7596,137.6129,140.0237,2093139.0,09999,网易
987,2024-06-18,138.7701,138.7701,134.3341,135.6842,5188802.0,09999,网易
988,2024-06-19,136.8414,140.313,136.2628,140.313,6792956.0,09999,网易
989,2024-06-20,141.181,141.181,137.42,138.8665,3960881.0,09999,网易
990,2024-06-21,136.0699,138.1915,135.0091,135.202,8973354.0,09999,网易
991,2024-06-24,134.2376,135.6842,132.984,135.4913,5232747.0,09999,网易
992,2024-06-25,136.7449,137.9022,135.5877,136.7449,3841419.0,09999,网易
993,2024-06-26,139.3487,146.0991,139.0594,145.2312,10561835.0,09999,网易
994,2024-06-27,145.4241,146.4849,144.6526,144.9419,6162444.0,09999,网易
995,2024-06-28,143.7847,145.3277,142.9168,143.7847,5212401.0,09999,网易
996,2024-07-02,143.4954,146.0991,142.6275,143.4954,5275790.0,09999,网易
997,2024-07-03,141.5667,143.9776,139.9273,143.5918,3651299.0,09999,网易
998,2024-07-04,144.3633,145.4241,141.5667,142.3382,2467157.0,09999,网易
999,2024-07-05,142.3382,143.2061,140.1202,140.4095,4204436.0,09999,网易
1000,2024-07-08,137.8057,138.963,136.9378,138.3843,4389362.0,09999,网易
1001,2024-07-09,138.7701,140.6988,138.3843,139.3487,4429294.0,09999,网易
1002,2024-07-10,139.5416,140.2166,135.9735,136.6485,7091755.0,09999,网易
1003,2024-07-11,135.0091,138.5772,135.0091,137.5164,5222196.0,09999,网易
1004,2024-07-12,138.963,139.638,137.8057,138.8665,5145621.0,09999,网易
1005,2024-07-15,139.8309,140.2166,138.5772,139.7344,5799474.0,09999,网易
1006,2024-07-16,139.8309,140.0237,138.095,138.8665,5526844.0,09999,网易
1007,2024-07-17,139.7344,141.7596,139.2523,140.7952,3315294.0,09999,网易
1008,2024-07-18,140.2166,142.0489,139.9273,140.4095,3777371.0,09999,网易
1009,2024-07-19,139.3487,139.9273,135.5877,136.7449,4992248.0,09999,网易
1010,2024-07-22,137.42,140.313,135.4913,139.5416,4066822.0,09999,网易
1011,2024-07-23,140.0237,140.5059,136.6485,137.2271,4025077.0,09999,网易
1012,2024-07-24,140.1202,145.8098,139.9273,143.4954,8285225.0,09999,网易
1013,2024-07-25,142.6275,144.9419,139.4451,142.4346,7707668.0,09999,网易
1014,2024-07-26,143.2061,143.8811,137.9986,138.963,6629013.0,09999,网易
1015,2024-07-29,140.2166,140.2166,134.5269,135.7806,7146004.0,09999,网易
1016,2024-07-30,136.4556,138.8665,135.2984,137.5164,5441334.0,09999,网易
1017,2024-07-31,139.9273,142.5311,137.9022,140.9881,4624198.0,09999,网易
1018,2024-08-01,139.0594,139.3487,137.6129,138.2879,3711922.0,09999,网易
1019,2024-08-02,137.1307,137.42,134.6234,135.2984,3858629.0,09999,网易
1020,2024-08-05,133.1768,135.877,129.8981,132.5982,5398524.0,09999,网易
1021,2024-08-06,132.984,134.4305,128.7408,129.3194,7853070.0,09999,网易
1022,2024-08-07,129.3194,131.441,127.8729,130.3802,5147194.0,09999,网易
1023,2024-08-08,131.6339,133.5626,130.1874,131.0553,4964206.0,09999,网易
1024,2024-08-09,133.8519,136.1663,133.4662,135.1055,6488416.0,09999,网易
1025,2024-08-12,136.7449,137.3236,133.659,135.7806,4009175.0,09999,网易
1026,2024-08-13,135.4913,135.877,133.5626,134.1412,4113017.0,09999,网易
1027,2024-08-14,132.0196,133.0804,127.3907,128.9337,9702591.0,09999,网易
1028,2024-08-15,132.0196,135.3949,131.1517,133.9483,9054409.0,09999,网易
1029,2024-08-16,135.1055,135.3949,132.7911,133.0804,8604632.0,09999,网易
1030,2024-08-19,136.6485,138.6736,135.202,135.6842,5375757.0,09999,网易
1031,2024-08-20,137.9986,138.3843,136.3592,136.8414,4819425.0,09999,网易
1032,2024-08-21,133.7555,135.7806,133.7555,135.0091,5082986.0,09999,网易
1033,2024-08-22,137.3236,138.3843,136.0699,137.9022,6009526.0,09999,网易
1034,2024-08-23,123.244,123.7262,117.4579,123.7262,21298100.0,09999,网易
1035,2024-08-26,122.9547,124.787,122.4726,123.4369,11405720.0,09999,网易
1036,2024-08-27,123.5333,127.1014,123.4369,126.9086,10728153.0,09999,网易
1037,2024-08-28,126.5228,126.5228,123.0512,123.7262,5425740.0,09999,网易
1038,2024-08-29,120.5439,122.6654,120.2545,122.3761,5059535.0,09999,网易
1039,2024-08-30,122.4726,124.4013,121.5082,123.1476,9302195.0,09999,网易
1040,2024-09-02,121.2189,121.4118,120.1581,120.8332,3846114.0,09999,网易
1041,2024-09-03,120.5439,120.9296,117.8437,118.9045,6257425.0,09999,网易
1042,2024-09-04,116.7829,118.9045,116.1078,118.6152,5693007.0,09999,网易
1043,2024-09-05,118.6907,119.8543,118.0119,119.3695,3800555.0,09999,网易
1044,2024-09-09,117.818,118.1089,116.5574,117.5271,6176691.0,09999,网易
1045,2024-09-10,116.3634,117.4301,115.1028,116.1695,7373149.0,09999,网易
1046,2024-09-11,113.9392,116.3634,113.9392,115.9756,2668320.0,09999,网易
1047,2024-09-12,117.4301,119.2725,117.1392,117.4301,3490043.0,09999,网易
1048,2024-09-13,116.9452,118.6907,116.9452,118.0119,3977794.0,09999,网易
1049,2024-09-16,115.8786,116.6543,113.5513,116.5574,3505235.0,09999,网易
1050,2024-09-17,116.0725,117.0422,115.2968,116.5574,4614931.0,09999,网易
1051,2024-09-19,115.7816,119.5634,115.7816,118.7877,4795201.0,09999,网易
1052,2024-09-20,119.1755,121.8907,117.624,120.3392,6209643.0,09999,网易
1053,2024-09-23,119.7574,121.5028,119.2725,120.0483,3264496.0,09999,网易
1054,2024-09-24,122.8604,127.7089,122.1816,127.224,8295300.0,09999,网易
1055,2024-09-25,132.2664,132.8482,128.3877,129.0664,13475555.0,09999,网易
1056,2024-09-26,130.7149,136.6301,130.327,136.3392,10874446.0,09999,网易
1057,2024-09-27,136.3392,143.8058,134.1089,141.3816,20179485.0,09999,网易
1058,2024-09-30,144.4846,149.0422,141.5755,145.9391,18934564.0,09999,网易
1059,2024-10-02,147.7816,158.6421,147.6846,155.5391,14642198.0,09999,网易
1060,2024-10-03,158.0603,159.4179,150.3028,155.7331,15616450.0,09999,网易
1061,2024-10-04,154.7634,158.4482,151.9512,156.2179,8787409.0,09999,网易
1062,2024-10-07,156.4118,158.3512,150.7876,153.4058,13923837.0,09999,网易
1063,2024-10-08,147.8785,148.7513,133.0422,136.727,22129179.0,09999,网易
1064,2024-10-09,143.127,143.321,132.9452,134.2058,15765194.0,09999,网易
1065,2024-10-10,135.1755,136.3392,132.3634,132.9452,10350794.0,09999,网易
1066,2024-10-14,132.3634,132.3634,126.3513,128.5816,11000872.0,09999,网易
1067,2024-10-15,128.0967,128.8725,122.7634,123.4422,8453898.0,09999,网易
1068,2024-10-16,123.5392,127.127,122.8604,123.7331,7035705.0,09999,网易
1069,2024-10-17,123.7331,124.4119,119.3695,120.6301,8053397.0,09999,网易
1070,2024-10-18,120.6301,128.2907,120.5331,126.6422,12337084.0,09999,网易
1071,2024-10-21,124.7028,124.8967,120.3392,121.6968,8995643.0,09999,网易
1072,2024-10-22,123.4422,123.5392,120.7271,121.3089,5278218.0,09999,网易
1073,2024-10-23,120.6301,122.1816,119.8543,121.9877,5685176.0,09999,网易
1074,2024-10-24,118.8846,120.7271,118.3998,119.1755,10896231.0,09999,网易
1075,2024-10-25,119.1755,120.824,119.0786,120.1452,7121870.0,09999,网易
1076,2024-10-28,119.8543,121.1149,118.3998,120.2422,4998725.0,09999,网易
1077,2024-10-29,122.1816,124.9937,121.6968,122.9574,6808211.0,09999,网易
1078,2024-10-30,123.4422,124.218,121.3089,121.7937,5655028.0,09999,网易
1079,2024-10-31,122.3755,122.9574,120.0483,120.0483,5162854.0,09999,网易
1080,2024-11-01,120.4361,121.8907,119.5634,119.8543,5885557.0,09999,网易
1081,2024-11-04,121.1149,121.5998,119.8543,120.6301,2527303.0,09999,网易
1082,2024-11-05,118.3028,121.4058,118.3028,120.7271,6486987.0,09999,网易
1083,2024-11-06,119.7574,121.7937,118.7877,120.3392,5194143.0,09999,网易
1084,2024-11-07,119.0786,123.4422,118.7877,122.6664,5374515.0,09999,网易
1085,2024-11-08,119.3695,120.6301,115.7816,115.7816,15368767.0,09999,网易
1086,2024-11-11,112.4846,116.8483,112.4846,116.7513,7309308.0,09999,网易
1087,2024-11-12,118.2059,120.2422,117.0422,117.2362,8459811.0,09999,网易
1088,2024-11-13,117.2362,119.8543,115.6846,116.9452,6969732.0,09999,网易
1089,2024-11-14,115.0059,117.721,114.3271,115.8786,10711758.0,09999,网易
1090,2024-11-15,127.0301,132.6543,123.2483,129.9392,25085524.0,09999,网易
1091,2024-11-18,131.6846,133.3331,130.7149,131.7816,10291727.0,09999,网易
1092,2024-11-19,131.5876,132.7513,129.9392,131.0058,6365778.0,09999,网易
1093,2024-11-20,131.0058,131.5876,129.5513,130.8119,7702373.0,09999,网易
1094,2024-11-21,131.8786,134.6907,131.3937,132.6543,6881240.0,09999,网易
1095,2024-11-22,133.1392,135.2725,131.6846,132.2664,6396914.0,09999,网易
1096,2024-11-25,130.618,131.5876,129.5513,129.5513,9234492.0,09999,网易
1097,2024-11-26,125.4786,128.4846,125.4786,128.2907,5246988.0,09999,网易
1098,2024-11-27,129.7452,133.0422,129.7452,132.2664,4929649.0,09999,网易
1099,2024-11-28,130.3923,131.0745,128.6382,129.028,3526484.0,09999,网易
1100,2024-11-29,129.028,132.1465,129.028,130.977,3458274.0,09999,网易
1101,2024-12-02,131.6592,135.1675,131.1719,134.5828,6092539.0,09999,网易
1102,2024-12-03,134.5828,136.337,132.2439,135.5573,5836963.0,09999,网易
1103,2024-12-04,136.0446,138.4809,135.265,138.0911,6827010.0,09999,网易
1104,2024-12-05,136.9217,139.4555,136.142,138.4809,6727783.0,09999,网易
1105,2024-12-06,137.9937,139.0656,136.337,138.6758,5758265.0,09999,网易
1106,2024-12-09,138.5784,147.3492,137.3115,147.0568,12525092.0,09999,网易
1107,2024-12-10,154.9505,155.6327,147.0568,147.3492,14370044.0,09999,网易
1108,2024-12-11,148.1288,149.688,145.595,145.9848,6366906.0,09999,网易
1109,2024-12-12,147.1542,150.2728,145.4001,147.6415,6945322.0,09999,网易
1110,2024-12-13,146.667,147.3492,142.8663,143.3536,7378025.0,09999,网易
1111,2024-12-16,143.3536,145.0103,141.1122,141.9892,5296101.0,09999,网易
1112,2024-12-17,140.8198,143.3536,140.43,140.9172,3777327.0,09999,网易
1113,2024-12-18,140.9172,142.574,139.7478,141.8918,4252220.0,09999,网易
1114,2024-12-19,139.358,140.9172,138.1886,140.1376,4319579.0,09999,网易
1115,2024-12-20,139.0656,140.5274,138.7733,139.2605,4283960.0,09999,网易
1116,2024-12-23,139.8453,142.2816,139.8453,140.5274,2013964.0,09999,网易
1117,2024-12-24,139.2605,140.2351,137.7987,138.7733,1273577.0,09999,网易
1118,2024-12-27,139.1631,139.9427,137.1166,138.286,1789290.0,09999,网易
1119,2024-12-30,139.0656,139.0656,136.5319,136.6293,2936608.0,09999,网易
1120,2024-12-31,135.4599,137.0191,134.8752,134.8752,1694756.0,09999,网易
1121,2025-01-02,132.4388,136.6293,132.3414,133.9006,4352311.0,09999,网易
1122,2025-01-03,134.3879,135.1675,130.977,133.0235,6064677.0,09999,网易
1123,2025-01-06,133.5108,135.0701,132.7312,133.8032,2287004.0,09999,网易
1124,2025-01-07,132.3414,133.9981,130.977,133.9981,6301309.0,09999,网易
1125,2025-01-08,135.3624,138.286,133.9006,137.9937,7802045.0,09999,网易
1126,2025-01-09,144.1332,144.8154,139.0656,141.0147,10528621.0,09999,网易
1127,2025-01-10,142.574,144.2307,141.0147,142.9638,10957653.0,09999,网易
1128,2025-01-13,142.9638,148.1288,142.1841,144.8154,15067325.0,09999,网易
1129,2025-01-14,143.7434,146.4721,141.502,145.0103,11499450.0,09999,网易
1130,2025-01-15,145.2052,151.4422,144.7179,150.8575,13579043.0,09999,网易
1131,2025-01-16,157.3868,157.3868,152.2218,153.0014,10867855.0,09999,网易
1132,2025-01-17,152.3193,152.3193,148.0313,149.8829,7544319.0,09999,网易
1133,2025-01-20,150.76,153.6836,148.9084,151.7345,6933630.0,09999,网易
1134,2025-01-21,152.5142,154.6581,150.0778,153.3913,4465066.0,09999,网易
1135,2025-01-22,152.2218,152.7091,149.3957,150.8575,5641743.0,09999,网易
1136,2025-01-23,153.8785,154.4632,149.3957,152.6116,6658593.0,09999,网易
1137,2025-01-24,153.0014,156.1199,151.2473,154.3658,6535204.0,09999,网易
1138,2025-01-27,156.5098,157.0945,153.6836,154.2683,4516011.0,09999,网易
1139,2025-01-28,156.2174,158.1665,155.048,156.8996,3836508.0,09999,网易
1140,2025-02-03,153.7811,156.997,150.76,156.4123,7030524.0,09999,网易
1141,2025-02-04,158.3614,159.6283,151.5396,154.7556,7858380.0,09999,网易
1142,2025-02-05,154.7556,155.8276,152.7091,154.5607,6679182.0,09999,网易
1143,2025-02-06,154.2683,156.8996,153.3913,156.8996,4654063.0,09999,网易
1144,2025-02-07,155.5352,158.7512,154.853,158.7512,7670277.0,09999,网易
1145,2025-02-10,160.7002,165.2805,158.8486,161.7722,7822704.0,09999,网易
1146,2025-02-11,158.9461,161.1875,157.2894,157.8741,8579650.0,09999,网易
1147,2025-02-12,158.8486,162.7468,157.5817,162.0646,8319094.0,09999,网易
1148,2025-02-13,166.1576,168.4965,159.2384,159.4333,14105821.0,09999,网易
1149,2025-02-14,159.4333,161.4799,154.0734,161.09,14902036.0,09999,网易
1150,2025-02-17,154.7556,160.1155,154.0734,156.7047,9198364.0,09999,网易
1151,2025-02-18,156.1199,163.234,155.048,161.285,8631875.0,09999,网易
1152,2025-02-19,159.7257,160.0181,157.2894,158.3614,5253160.0,09999,网易
1153,2025-02-20,158.069,158.5563,153.4887,154.0734,6564322.0,09999,网易
1154,2025-02-21,154.0734,155.925,149.2008,155.925,15217367.0,09999,网易
1155,2025-02-24,155.925,155.925,151.4422,153.3913,10178172.0,09999,网易
1156,2025-02-25,150.2728,153.1963,149.2982,150.5651,9116921.0,09999,网易
1157,2025-02-26,152.5142,156.997,152.5142,155.6327,8307444.0,09999,网易
1158,2025-02-27,152.0269,154.853,151.5396,152.5142,7671335.0,09999,网易
1159,2025-02-28,153.1963,154.6581,149.5906,150.8575,11785521.0,09999,网易
1160,2025-03-03,150.4677,153.4887,147.9339,149.1033,6953142.0,09999,网易
1161,2025-03-04,147.2517,153.0989,145.595,152.4167,7025336.0,09999,网易
1162,2025-03-05,153.5985,156.3607,151.9215,155.8675,5032578.0,09999,网易
1163,2025-03-06,157.5445,162.3784,156.2621,162.0825,7588908.0,09999,网易
1164,2025-03-07,160.1095,163.5622,157.9391,159.4189,11925725.0,09999,网易
1165,2025-03-10,158.0378,161.1946,157.3472,159.6162,10828681.0,09999,网易
1166,2025-03-11,159.123,161.8852,154.1904,161.5892,6720457.0,09999,网易
1167,2025-03-12,161.6879,163.8582,159.4189,160.8,6306770.0,09999,网易
1168,2025-03-13,160.5041,161.2933,157.5445,158.827,4759937.0,09999,网易
1169,2025-03-14,158.827,160.9973,156.9526,159.2216,4490257.0,09999,网易
1170,2025-03-17,160.4054,160.9973,154.1904,154.881,7101968.0,09999,网易
1171,2025-03-18,156.0648,157.3472,154.585,157.3472,6361971.0,09999,网易
1172,2025-03-19,154.1904,158.827,153.8945,158.0378,6040521.0,09999,网易
1173,2025-03-20,158.1364,158.1364,153.7958,154.585,5602934.0,09999,网易
1174,2025-03-21,153.8945,153.9931,149.1593,149.8498,7816314.0,09999,网易
1175,2025-03-24,150.2444,155.5715,149.9485,154.4864,5898773.0,09999,网易
1176,2025-03-25,154.4864,155.6702,151.5269,151.9215,4050828.0,09999,网易
1177,2025-03-26,153.1053,155.0783,152.4147,154.3877,2986319.0,09999,网易
1178,2025-03-27,156.3607,157.1499,153.5985,154.881,2977910.0,09999,网易
1179,2025-03-28,156.7553,158.6297,155.0783,155.4729,3822083.0,09999,网易
1180,2025-03-31,155.4729,156.9526,153.0066,155.8675,5269987.0,09999,网易
1181,2025-04-01,158.4324,163.3649,157.5445,162.2798,7787116.0,09999,网易
1182,2025-04-02,162.9703,164.2528,161.6879,162.9703,4940706.0,09999,网易
1183,2025-04-03,160.6027,163.9568,159.5176,162.4771,5665961.0,09999,网易
1184,2025-04-07,146.989,150.1458,130.1198,133.3752,18416721.0,09999,网易
1185,2025-04-08,142.451,148.666,140.8726,143.3389,18444744.0,09999,网易
1186,2025-04-09,139.0969,146.3971,135.5455,144.9173,13319113.0,09999,网易
1187,2025-04-10,144.9173,148.962,142.451,146.5944,9403533.0,09999,网易
1188,2025-04-11,147.7782,150.4417,144.72,148.1728,6004608.0,09999,网易
1189,2025-04-14,154.1904,154.3877,150.0471,152.4147,7500776.0,09999,网易
1190,2025-04-15,152.4147,152.4147,147.7782,150.2444,4367451.0,09999,网易
1191,2025-04-16,147.6795,150.7377,147.6795,149.3566,5467415.0,09999,网易
1192,2025-04-17,149.5539,156.4594,149.2579,156.1634,7093134.0,09999,网易
1193,2025-04-22,153.8945,156.7553,153.7958,155.7688,6088832.0,09999,网易
1194,2025-04-23,159.6162,160.1095,157.1499,158.531,6203497.0,09999,网易
1195,2025-04-24,159.7149,160.0108,158.1364,159.2216,5513585.0,09999,网易
1196,2025-04-25,166.2258,166.5217,160.8987,162.5757,7629423.0,09999,网易
1197,2025-04-28,163.2663,163.2663,160.3068,161.1946,4799493.0,09999,网易
1198,2025-04-29,160.0108,162.9703,159.8135,161.5892,4618629.0,09999,网易
1199,2025-04-30,162.4771,166.1271,162.0825,164.746,5452275.0,09999,网易
1200,2025-05-02,166.0285,169.1853,163.5622,166.5217,3777023.0,09999,网易
1201,2025-05-06,163.2663,167.1136,162.6744,166.2258,6493017.0,09999,网易
1202,2025-05-07,170.665,170.8623,163.1676,163.8582,7613336.0,09999,网易
1203,2025-05-08,163.069,165.8312,162.3784,163.6609,5143116.0,09999,网易
1204,2025-05-09,164.6474,164.6474,160.5041,161.4906,4048987.0,09999,网易
1205,2025-05-12,163.8582,168.1988,161.7865,166.6204,5476151.0,09999,网易
1206,2025-05-13,163.3649,163.6609,160.8987,161.6879,5318650.0,09999,网易
1207,2025-05-14,163.1676,165.4366,162.2798,163.8582,4464021.0,09999,网易
1208,2025-05-15,167.5082,170.665,164.8447,165.8312,7234824.0,09999,网易
1209,2025-05-16,183.8842,192.5654,182.799,187.4356,20836797.0,09999,网易
1210,2025-05-19,187.4356,187.6329,182.3058,183.6869,7255131.0,09999,网易
1211,2025-05-20,183.095,186.9423,182.7004,186.4491,7443453.0,09999,网易
1212,2025-05-21,187.1396,189.1126,186.4491,187.9288,5607861.0,09999,网易
1213,2025-05-22,187.9288,188.4221,182.7004,184.0815,3447769.0,09999,网易
1214,2025-05-23,187.6329,189.1126,185.3639,186.0545,3972862.0,09999,网易
1215,2025-05-26,182.1085,187.8302,182.1085,186.745,5531788.0,09999,网易
1216,2025-05-27,187.041,191.5789,186.8437,189.6059,5952210.0,09999,网易
1217,2025-05-28,192.3681,196.4128,191.3816,194.933,8185795.0,09999,网易
1218,2025-05-29,196.3747,201.1353,195.2837,198.5566,11635428.0,09999,网易
1219,2025-05-30,190.8206,192.11,187.8453,189.1346,29755777.0,09999,网易
1220,2025-06-02,192.0108,193.6968,188.242,191.1182,9659742.0,09999,网易
1221,2025-06-03,196.2755,197.7632,194.4903,195.6804,7317390.0,09999,网易
1222,2025-06-04,195.3829,197.9615,195.1845,197.664,4997541.0,09999,网易
1223,2025-06-05,199.1517,199.9451,194.3911,199.5484,6920601.0,09999,网易
1224,2025-06-06,199.5484,201.3336,196.8706,197.3665,27101051.0,09999,网易
1225,2025-06-09,198.1599,205.6975,197.9615,203.3172,20282892.0,09999,网易
1226,2025-06-10,203.1188,204.9041,201.9287,202.9205,6310257.0,09999,网易
1227,2025-06-11,205.6975,209.0696,204.309,207.086,8074928.0,09999,网易
1228,2025-06-12,209.268,209.863,205.3008,206.6893,6991168.0,09999,网易
1229,2025-06-13,203.1188,207.8794,202.3254,205.3008,16787668.0,09999,网易
1230,2025-06-16,202.9205,205.3008,201.3336,204.1106,5246457.0,09999,网易
1231,2025-06-17,204.7057,205.3008,201.532,202.9205,4472864.0,09999,网易
1232,2025-06-18,202.9205,204.7057,201.1353,202.3254,3922022.0,09999,网易
1233,2025-06-19,201.9287,204.1106,199.9451,201.532,5157391.0,09999,网易
1234,2025-06-20,202.3254,203.5156,201.1353,202.3254,7795995.0,09999,网易
1235,2025-06-23,198.5566,202.5238,198.5566,202.5238,5239677.0,09999,网易
1236,2025-06-24,204.5074,208.8712,204.5074,207.4827,6828949.0,09999,网易
1237,2025-06-25,207.4827,210.8548,207.4827,208.8712,5500760.0,09999,网易
1238,2025-06-26,206.8877,209.6647,204.5074,208.4745,7169808.0,09999,网易
1239,2025-06-27,208.2762,209.268,204.7057,206.0942,5350786.0,09999,网易
1240,2025-06-30,208.0778,212.8384,206.0942,209.268,5984384.0,09999,网易
1241,2025-07-02,210.4581,211.0532,205.3008,206.4909,4965937.0,09999,网易
1242,2025-07-03,208.6729,209.4663,204.7057,207.086,4655029.0,09999,网易
1243,2025-07-04,204.7057,209.268,203.9123,208.2762,3916672.0,09999,网易
1244,2025-07-07,208.2762,208.2762,205.4991,207.086,3709409.0,09999,网易
1245,2025-07-08,208.2762,210.4581,205.8959,210.2597,4393399.0,09999,网易
1246,2025-07-09,205.3008,205.8959,201.7303,204.1106,5405641.0,09999,网易
1247,2025-07-10,199.9451,203.3172,198.5566,201.1353,4565316.0,09999,网易
1248,2025-07-11,198.3583,203.3172,197.5648,200.1435,6812421.0,09999,网易
1249,2025-07-14,200.3418,201.3336,199.1517,200.5402,3660144.0,09999,网易
1250,2025-07-15,202.9205,207.4827,202.3254,207.2844,4913915.0,09999,网易
1251,2025-07-16,206.8877,209.0696,204.7057,205.1024,3912150.0,09999,网易
1252,2025-07-17,205.1024,208.0778,205.1024,206.2926,3199639.0,09999,网易
1253,2025-07-18,210.6565,212.2433,209.268,211.4499,6089861.0,09999,网易
1254,2025-07-21,213.0368,214.822,211.8466,213.8302,5207631.0,09999,网易
1255,2025-07-22,214.822,215.4171,212.64,214.4253,4431731.0,09999,网易
1256,2025-07-23,219.3842,220.9711,214.822,219.9793,6644601.0,09999,网易
1257,2025-07-24,216.2105,217.2023,212.2433,212.8384,7231843.0,09999,网易
1258,2025-07-25,211.6483,212.8384,209.268,211.2515,3334741.0,09999,网易
1259,2025-07-28,210.6565,212.4417,206.2926,208.2762,6348875.0,09999,网易
1260,2025-07-29,205.3008,206.6893,202.1271,204.5074,6253432.0,09999,网易
1261,2025-07-30,203.3172,205.8959,201.9287,203.5156,7212543.0,09999,网易
1262,2025-07-31,203.3172,206.2926,201.9287,202.7221,5679072.0,09999,网易
1263,2025-08-01,199.7468,203.9123,199.35,199.7468,4982444.0,09999,网易
1264,2025-08-04,199.9451,204.9041,199.9451,204.1106,3783014.0,09999,网易
1265,2025-08-05,205.3008,207.4827,205.1024,207.2844,4703587.0,09999,网易
1266,2025-08-06,206.0942,206.6893,204.5074,206.0942,3734540.0,09999,网易
1267,2025-08-07,207.086,207.4827,202.3254,205.1024,5388889.0,09999,网易
1268,2025-08-08,202.1271,204.309,201.7303,202.9205,3655019.0,09999,网易
1269,2025-08-11,201.3336,202.7221,199.9451,200.5402,4716767.0,09999,网易
1270,2025-08-12,198.9533,203.3172,197.4656,202.7221,4901811.0,09999,网易
1271,2025-08-13,202.3254,213.8302,202.3254,213.6318,7111555.0,09999,网易
1272,2025-08-14,210.2597,210.4581,205.6975,206.0942,8041469.0,09999,网易
1273,2025-08-15,200.7385,209.0696,197.0689,198.5566,9429342.0,09999,网易
1274,2025-08-18,198.9533,207.6811,198.755,202.5238,5335234.0,09999,网易
1275,2025-08-19,204.1106,204.1106,199.9451,199.9451,3654027.0,09999,网易
1276,2025-08-20,198.5566,201.532,196.3747,200.5402,4848614.0,09999,网易
1277,2025-08-21,202.7221,203.7139,200.7385,202.7221,3570041.0,09999,网易
1278,2025-08-22,206.6893,206.6893,200.5402,203.5156,3767290.0,09999,网易
1279,2025-08-25,205.4991,218.1941,205.4991,215.8138,9921012.0,09999,网易
1280,2025-08-26,213.0368,218.5908,211.8466,213.8302,6434852.0,09999,网易
1281,2025-08-27,212.1319,215.5181,209.1442,210.1401,7129558.0,09999,网易
1282,2025-08-28,211.7336,213.327,210.7376,211.5344,5201556.0,09999,网易
1283,2025-08-29,214.1238,216.7132,210.5384,211.5344,4724500.0,09999,网易
1284,2025-09-01,210.7376,217.3107,210.5384,214.7213,3542605.0,09999,网易
1285,2025-09-02,210.5384,214.1238,210.5384,212.9287,5056151.0,09999,网易
1286,2025-09-03,211.9327,214.1238,208.5466,208.945,4768979.0,09999,网易
1287,2025-09-04,209.7417,212.9287,205.758,206.9531,8135958.0,09999,网易
1288,2025-09-05,206.9531,210.1401,205.1605,209.1442,8123676.0,09999,网易
1289,2025-09-08,210.1401,219.5018,209.7417,218.3067,7627115.0,09999,网易
1290,2025-09-09,225.0789,229.8594,220.6969,222.2904,10005291.0,09999,网易
1291,2025-09-10,225.0789,228.6643,219.5018,228.0667,7216764.0,09999,网易
1292,2025-09-11,225.0789,232.0504,223.4855,229.0626,7100417.0,09999,网易
1293,2025-09-12,233.6439,236.8309,231.652,235.4366,5800018.0,09999,网易
1294,2025-09-15,235.2374,240.8146,233.8431,239.6194,5287914.0,09999,网易
1295,2025-09-16,240.6154,244.5991,239.8186,242.6072,7861387.0,09999,网易
1296,2025-09-17,239.4203,246.9893,239.0219,245.3958,8614522.0,09999,网易
1297,2025-09-18,243.8023,245.9934,238.026,239.4203,10338968.0,09999,网易
1298,2025-09-19,232.0504,238.026,232.0504,235.8349,9101150.0,09999,网易
1299,2025-09-22,232.8472,235.0382,228.8635,233.0463,5217178.0,09999,网易
1300,2025-09-23,236.6317,240.0178,233.8431,236.2333,4604758.0,09999,网易
1301,2025-09-24,237.6276,238.4243,233.8431,236.2333,4443090.0,09999,网易
1302,2025-09-25,233.2455,237.4284,230.0586,233.4447,6514290.0,09999,网易
1303,2025-09-26,230.6561,232.4488,229.0626,229.461,3636560.0,09999,网易
1304,2025-09-29,229.461,234.6398,228.0667,231.0545,5306152.0,09999,网易
1305,2025-09-30,234.0423,236.4325,231.4529,235.8349,6769123.0,09999,网易
1306,2025-10-02,229.0626,240.8146,229.0626,239.4203,5127471.0,09999,网易
1307,2025-10-03,237.03,238.026,234.2415,235.6357,3309959.0,09999,网易
1308,2025-10-06,230.2578,235.4366,229.2618,231.8512,4034876.0,09999,网易
1309,2025-10-08,233.8431,239.0219,229.0626,238.6235,5351597.0,09999,网易
1310,2025-10-09,239.6194,241.0137,231.652,239.4203,5795846.0,09999,网易
1311,2025-10-10,236.0341,240.217,234.6398,236.4325,5861581.0,09999,网易
1312,2025-10-13,243.8023,243.8023,228.8635,234.0423,10306006.0,09999,网易
1313,2025-10-14,230.8553,234.2415,226.0749,227.27,8570297.0,09999,网易
1314,2025-10-15,227.27,231.4529,226.4732,230.8553,7669582.0,09999,网易
1315,2025-10-16,230.0586,232.648,226.8716,231.0545,3737255.0,09999,网易
1316,2025-10-17,231.2537,231.652,222.6887,222.8879,5094204.0,09999,网易
1317,2025-10-20,237.2292,237.2292,232.0504,234.4406,4952259.0,09999,网易
1318,2025-10-21,237.03,242.0097,235.6357,239.2211,5933808.0,09999,网易
1319,2025-10-22,234.6398,235.0382,226.2741,228.6643,6048562.0,09999,网易
1320,2025-10-23,223.8838,229.0626,223.0871,227.27,3533481.0,09999,网易
1321,2025-10-24,229.8594,231.4529,228.2659,229.6602,4545265.0,09999,网易
1322,2025-10-27,232.4488,233.2455,227.0708,229.0626,4432192.0,09999,网易
1323,2025-10-28,227.4692,229.2618,222.4895,223.6847,7264252.0,09999,网易
1324,2025-10-30,210.3393,222.6887,210.3393,219.1034,14222687.0,09999,网易
1325,2025-10-31,216.7132,220.8961,215.7173,216.1156,5930195.0,09999,网易
1326,2025-11-03,216.1156,220.2985,215.1197,219.3026,4973877.0,09999,网易
1327,2025-11-04,217.7091,219.3026,215.3189,215.9164,5460863.0,09999,网易
1328,2025-11-05,213.327,217.1115,211.5344,216.514,4884772.0,09999,网易
1329,2025-11-06,215.1197,220.4977,214.323,219.3026,4583623.0,09999,网易
1330,2025-11-07,217.3107,219.5018,216.9124,218.1075,3762152.0,09999,网易
1331,2025-11-10,217.3107,218.9042,214.1238,218.705,3787475.0,09999,网易
1332,2025-11-11,218.3067,219.5018,215.7173,219.1034,2765984.0,09999,网易
1333,2025-11-12,222.0912,223.6847,219.5018,220.6969,4090907.0,09999,网易
1334,2025-11-13,218.9042,224.2822,218.9042,222.6887,4214308.0,09999,网易
1335,2025-11-14,218.705,221.4936,217.5099,218.5058,4468290.0,09999,网易
1336,2025-11-17,218.5058,220.4977,215.1197,217.5099,4267325.0,09999,网易
1337,2025-11-18,213.327,215.7173,212.3311,214.1238,3309505.0,09999,网易
1338,2025-11-19,216.514,217.7091,214.7213,214.7213,4057274.0,09999,网易
1339,2025-11-20,211.9327,214.5221,206.5547,211.7336,7721910.0,09999,网易
1340,2025-11-21,211.3352,212.3311,202.9694,203.7662,12317153.0,09999,网易
1341,2025-11-24,210.3393,217.7091,209.9409,215.7173,9817963.0,09999,网易
1342,2025-11-25,218.9042,220.4977,215.7173,216.7132,4822233.0,09999,网易
1343,2025-11-26,217.9083,218.705,213.1279,214.323,4104922.0,09999,网易
1344,2025-11-27,214.323,218.1075,212.9287,213.9246,5328379.0,09999,网易
1345,2025-11-28,215.3189,215.5181,212.1319,213.1279,3702092.0,09999,网易
1346,2025-12-01,215.9164,221.4936,214.1238,221.4936,5980207.0,09999,网易
1347,2025-12-02,225.4773,225.8757,221.2944,223.4855,6662378.0,09999,网易
1348,2025-12-03,220.0993,220.8961,215.7173,216.9124,5454839.0,09999,网易
1349,2025-12-04,217.6,219.8,216.0,217.2,4652205.0,09999,网易
1350,2025-12-05,215.2,219.4,212.6,218.0,6959898.0,09999,网易
1351,2025-12-08,217.8,218.0,215.4,216.8,3081981.0,09999,网易
1352,2025-12-09,214.8,217.2,212.2,212.6,4166084.0,09999,网易
1353,2025-12-10,210.0,212.0,207.8,210.8,6653181.0,09999,网易
1354,2025-12-11,213.2,213.8,207.8,209.6,2882914.0,09999,网易
1355,2025-12-12,213.6,219.4,211.0,218.4,14928487.0,09999,网易
1356,2025-12-15,215.8,219.0,215.4,216.6,3864152.0,09999,网易
1357,2025-12-16,214.8,216.2,210.6,211.0,3788043.0,09999,网易
1358,2025-12-17,212.4,212.6,208.6,210.2,5976710.0,09999,网易
1359,2025-12-18,208.4,212.2,207.0,211.6,4237512.0,09999,网易
1360,2025-12-19,214.6,216.8,212.6,214.4,6205779.0,09999,网易
1361,2025-12-22,212.4,214.8,210.6,214.2,3107399.0,09999,网易
1362,2025-12-23,216.0,216.0,212.4,212.8,2576797.0,09999,网易
1363,2025-12-24,215.4,217.4,212.6,213.2,1897476.0,09999,网易
1364,2025-12-29,215.2,220.4,213.6,216.2,4344209.0,09999,网易
1365,2025-12-30,215.0,221.8,215.0,221.8,4707639.0,09999,网易
1366,2025-12-31,219.0,220.0,214.0,214.6,2902302.0,09999,网易
1367,2026-01-02,220.0,229.0,217.8,228.8,4575466.0,09999,网易
1368,2026-01-05,228.2,228.4,221.0,222.6,4671596.0,09999,网易
1369,2026-01-06,226.2,232.6,225.6,229.2,6954693.0,09999,网易
1370,2026-01-07,230.4,232.0,221.8,222.6,5214971.0,09999,网易
1371,2026-01-08,222.6,222.6,216.8,219.6,6435339.0,09999,网易
1372,2026-01-09,219.8,220.6,215.4,216.8,5292947.0,09999,网易
1373,2026-01-12,217.6,223.2,215.8,223.2,4699642.0,09999,网易
1374,2026-01-13,226.4,229.8,222.2,222.8,7031106.0,09999,网易
1375,2026-01-14,222.6,224.4,219.0,220.4,5010734.0,09999,网易
1376,2026-01-15,220.4,220.4,213.2,213.4,6319893.0,09999,网易
1377,2026-01-16,213.4,216.4,211.2,215.6,7279496.0,09999,网易
1378,2026-01-19,213.8,217.8,213.4,216.2,3522808.0,09999,网易
1379,2026-01-20,216.2,221.4,215.6,216.0,7025108.0,09999,网易
1380,2026-01-21,215.2,215.4,205.8,208.0,9729530.0,09999,网易
1381,2026-01-22,206.6,209.0,204.2,209.0,5239794.0,09999,网易
1382,2026-01-23,210.6,211.0,204.6,207.0,4741232.0,09999,网易
1383,2026-01-26,208.6,210.0,205.4,208.4,3749536.0,09999,网易
1384,2026-01-27,206.8,207.8,205.4,207.0,5059884.0,09999,网易
1385,2026-01-28,209.0,213.4,208.4,212.0,6949997.0,09999,网易
1386,2026-01-29,211.0,211.0,205.8,206.6,8831558.0,09999,网易
1387,2026-01-30,206.6,208.6,205.0,205.0,6255515.0,09999,网易
1388,2026-02-02,200.0,201.2,196.4,197.9,7862913.0,09999,网易
1389,2026-02-03,205.0,205.0,190.8,198.5,14249298.0,09999,网易
1390,2026-02-04,197.5,198.3,191.9,191.9,12483445.0,09999,网易
1391,2026-02-05,190.0,192.8,188.6,192.6,12855127.0,09999,网易
1392,2026-02-06,186.7,191.4,185.1,188.3,11137272.0,09999,网易
1393,2026-02-09,187.4,192.1,187.4,191.3,8139995.0,09999,网易
1394,2026-02-10,195.8,197.5,191.9,193.0,6831208.0,09999,网易
1395,2026-02-11,193.0,196.2,192.9,195.0,4381299.0,09999,网易
1396,2026-02-12,192.2,192.2,184.7,187.0,12177418.0,09999,网易
1397,2026-02-13,184.1,186.8,183.1,185.7,9682922.0,09999,网易
1398,2026-02-16,189.1,190.0,184.5,187.3,1945455.0,09999,网易
1399,2026-02-20,186.0,186.0,178.7,179.3,9935226.0,09999,网易
1400,2026-02-23,188.7,188.7,181.8,182.4,6384345.0,09999,网易
1401,2026-02-24,183.7,183.7,178.9,179.4,6379856.0,09999,网易
1402,2026-02-25,182.1,182.1,176.9,178.3,9823949.0,09999,网易
1403,2026-02-26,175.0,178.9,174.2,175.0,9976038.0,09999,网易
1404,2026-02-27,175.2,180.3,175.2,179.2,12473485.0,09999,网易
1405,2026-03-02,180.0,180.8,176.7,177.3,8510132.0,09999,网易
